case,iteration,output_token_index,itl_ms
s049,0,1,3.037164
s049,0,2,3.059826
s049,0,3,3.024555
s049,0,4,3.042835
s049,0,5,3.059274
s049,0,6,3.065725
s049,0,7,3.055438
s049,0,8,3.052468
s049,1,1,3.046587
s049,1,2,3.060648
s049,1,3,3.026888
s049,1,4,3.044603
s049,1,5,3.054895
s049,1,6,3.070075
s049,1,7,3.054265
s049,1,8,3.061742
s049,2,1,3.034763
s049,2,2,3.050408
s049,2,3,3.027824
s049,2,4,3.037795
s049,2,5,3.053662
s049,2,6,3.090827
s049,2,7,3.053692
s049,2,8,3.061441
s055,0,1,3.094889
s055,0,2,3.121713
s055,0,3,3.132569
s055,0,4,3.114736
s055,0,5,3.113787
s055,0,6,3.125096
s055,0,7,3.134501
s055,0,8,3.108134
s055,0,9,3.125395
s055,0,10,3.141541
s055,0,11,3.155323
s055,0,12,3.136156
s055,0,13,3.141845
s055,0,14,3.142309
s055,0,15,3.152913
s055,0,16,3.136149
s055,0,17,3.145033
s055,0,18,3.161295
s055,0,19,3.179446
s055,0,20,3.153682
s055,0,21,3.167945
s055,0,22,3.177816
s055,0,23,3.177776
s055,0,24,3.150148
s055,0,25,3.171541
s055,0,26,3.196056
s055,0,27,3.209662
s055,0,28,3.198616
s055,0,29,3.200738
s055,0,30,3.200645
s055,0,31,3.216578
s055,0,32,3.183992
s055,0,33,3.203744
s055,0,34,3.207479
s055,0,35,3.222462
s055,0,36,3.20433
s055,0,37,3.218629
s055,0,38,3.227117
s055,0,39,3.233248
s055,0,40,3.205459
s055,0,41,3.210045
s055,0,42,3.229714
s055,0,43,3.248261
s055,0,44,3.231052
s055,0,45,3.238751
s055,0,46,3.250949
s055,0,47,3.256934
s055,0,48,3.228276
s055,0,49,3.230315
s055,0,50,3.243398
s055,0,51,3.264589
s055,0,52,3.241365
s055,0,53,3.257952
s055,0,54,3.27163
s055,0,55,3.288154
s055,0,56,3.247257
s055,0,57,3.270854
s055,0,58,3.282678
s055,0,59,3.302012
s055,0,60,3.281973
s055,0,61,3.295835
s055,0,62,3.299525
s055,0,63,3.324331
s055,0,64,3.27295
s055,0,65,3.302215
s055,0,66,3.296439
s055,0,67,3.313502
s055,0,68,3.293168
s055,0,69,3.302368
s055,0,70,3.308888
s055,0,71,3.325401
s055,0,72,3.285443
s055,0,73,3.319812
s055,0,74,3.316374
s055,0,75,3.325014
s055,0,76,3.321479
s055,0,77,3.3326
s055,0,78,3.334686
s055,0,79,3.347851
s055,0,80,3.309131
s055,0,81,3.329942
s055,0,82,3.32709
s055,0,83,3.356149
s055,0,84,3.332407
s055,0,85,3.334995
s055,0,86,3.356063
s055,0,87,3.369704
s055,0,88,3.336215
s055,0,89,3.359558
s055,0,90,3.369699
s055,0,91,3.379505
s055,0,92,3.365315
s055,0,93,3.377099
s055,0,94,3.385089
s055,0,95,3.397067
s055,0,96,3.362624
s055,0,97,3.372968
s055,0,98,3.393644
s055,0,99,3.409836
s055,0,100,3.393594
s055,0,101,3.398834
s055,0,102,3.422353
s055,0,103,3.415538
s055,0,104,3.385407
s055,0,105,3.416565
s055,0,106,3.431949
s055,0,107,3.433179
s055,0,108,3.414941
s055,0,109,3.428321
s055,0,110,3.428902
s055,0,111,3.464548
s055,0,112,3.42238
s055,0,113,3.425332
s055,0,114,3.444481
s055,0,115,3.463095
s055,0,116,3.432078
s055,0,117,3.457952
s055,0,118,3.470373
s055,0,119,3.468551
s055,0,120,3.458457
s055,0,121,3.463605
s055,0,122,3.469604
s055,0,123,3.483818
s055,0,124,3.462742
s055,0,125,3.476461
s055,0,126,3.491142
s055,0,127,3.495742
s055,0,128,3.47109
s055,0,129,3.475451
s055,0,130,3.489861
s055,0,131,3.498689
s055,0,132,3.476611
s055,0,133,3.482635
s055,0,134,3.505417
s055,0,135,3.516524
s055,0,136,3.483365
s055,0,137,3.506212
s055,0,138,3.520815
s055,0,139,3.522466
s055,0,140,3.511653
s055,0,141,3.522916
s055,0,142,3.528707
s055,0,143,3.543191
s055,0,144,3.512337
s055,0,145,3.534321
s055,0,146,3.540431
s055,0,147,3.546737
s055,0,148,3.530739
s055,0,149,3.54644
s055,0,150,3.562066
s055,0,151,3.563619
s055,0,152,3.541237
s055,0,153,3.560158
s055,0,154,3.572735
s055,0,155,3.581602
s055,0,156,3.565068
s055,0,157,3.575286
s055,0,158,3.586125
s055,0,159,3.594085
s055,0,160,3.557451
s055,0,161,3.582013
s055,0,162,3.587179
s055,0,163,3.603767
s055,0,164,3.591825
s055,0,165,3.597098
s055,0,166,3.612096
s055,0,167,3.61999
s055,0,168,3.59892
s055,0,169,3.609566
s055,0,170,3.622208
s055,0,171,3.625769
s055,0,172,3.606449
s055,0,173,3.632862
s055,0,174,3.643399
s055,0,175,3.644473
s055,0,176,3.637436
s055,0,177,3.640083
s055,0,178,3.641831
s055,0,179,3.666165
s055,0,180,3.642011
s055,0,181,3.644952
s055,0,182,3.669244
s055,0,183,3.67535
s055,0,184,3.641498
s055,0,185,3.6618
s055,0,186,3.671354
s055,0,187,3.690453
s055,0,188,3.670983
s055,0,189,3.685087
s055,0,190,3.692295
s055,0,191,3.704796
s055,0,192,3.673333
s055,0,193,3.692688
s055,0,194,3.691715
s055,0,195,3.723808
s055,0,196,3.69935
s055,0,197,3.699826
s055,0,198,3.70519
s055,0,199,3.727772
s055,0,200,3.706789
s055,0,201,3.737298
s055,0,202,3.719134
s055,0,203,3.731584
s055,0,204,3.732707
s055,0,205,3.738151
s055,0,206,3.752619
s055,0,207,3.780491
s055,0,208,3.728878
s055,0,209,3.744921
s055,0,210,3.764997
s055,0,211,3.771158
s055,0,212,3.75695
s055,0,213,3.76775
s055,0,214,3.776752
s055,0,215,3.794719
s055,0,216,3.756543
s055,0,217,3.777995
s055,0,218,3.791631
s055,0,219,3.803854
s055,0,220,3.791606
s055,0,221,3.791195
s055,0,222,3.795419
s055,0,223,3.821683
s055,0,224,3.787122
s055,0,225,3.799574
s055,0,226,3.796207
s055,0,227,3.836881
s055,0,228,3.808069
s055,0,229,3.806133
s055,0,230,3.829041
s055,0,231,3.858551
s055,0,232,3.812221
s055,0,233,3.836687
s055,0,234,3.838441
s055,0,235,3.857715
s055,0,236,3.839562
s055,0,237,3.842924
s055,0,238,3.858772
s055,0,239,3.870221
s055,0,240,3.855757
s055,0,241,3.857272
s055,0,242,3.863411
s055,0,243,3.890649
s055,0,244,3.855145
s055,0,245,3.866576
s055,0,246,3.89761
s055,0,247,3.886224
s055,0,248,3.872554
s055,0,249,3.8973
s055,0,250,3.893307
s055,0,251,3.915027
s055,0,252,3.888628
s055,0,253,3.89934
s055,0,254,3.912496
s055,0,255,3.92708
s055,0,256,3.896277
s055,0,257,3.90942
s055,0,258,3.912609
s055,0,259,3.943209
s055,0,260,3.914958
s055,0,261,3.927224
s055,0,262,3.932796
s055,0,263,3.950166
s055,0,264,3.925319
s055,0,265,3.934579
s055,0,266,3.955364
s055,0,267,3.978828
s055,0,268,3.937625
s055,0,269,3.945779
s055,0,270,3.958834
s055,0,271,3.973577
s055,0,272,3.95034
s055,0,273,3.952392
s055,0,274,3.960541
s055,0,275,3.989325
s055,0,276,3.971771
s055,0,277,3.967715
s055,0,278,3.992206
s055,0,279,3.995753
s055,0,280,3.984558
s055,0,281,3.998319
s055,0,282,3.999109
s055,0,283,4.017155
s055,0,284,4.011711
s055,0,285,4.024815
s055,0,286,4.029414
s055,0,287,4.046518
s055,0,288,3.998283
s055,0,289,4.015567
s055,0,290,4.03352
s055,0,291,4.038917
s055,0,292,4.036022
s055,0,293,4.057259
s055,0,294,4.046091
s055,0,295,4.066925
s055,0,296,4.036288
s055,0,297,4.046535
s055,0,298,4.057857
s055,0,299,4.073089
s055,0,300,4.05297
s055,0,301,4.062251
s055,0,302,4.074269
s055,0,303,4.084418
s055,0,304,4.062194
s055,0,305,4.075763
s055,0,306,4.083832
s055,0,307,4.094679
s055,0,308,4.081092
s055,0,309,4.095963
s055,0,310,4.097606
s055,0,311,4.119772
s055,0,312,4.077668
s055,0,313,4.108255
s055,0,314,4.118951
s055,0,315,4.121451
s055,0,316,4.114738
s055,0,317,4.11056
s055,0,318,4.133529
s055,0,319,4.1296
s055,0,320,4.096922
s055,0,321,4.123794
s055,0,322,4.131486
s055,0,323,4.145329
s055,0,324,4.134882
s055,0,325,4.13683
s055,0,326,4.162616
s055,0,327,4.159676
s055,0,328,4.12648
s055,0,329,4.156681
s055,0,330,4.1742
s055,1,1,3.099467
s055,1,2,3.10738
s055,1,3,3.122659
s055,1,4,3.11163
s055,1,5,3.111969
s055,1,6,3.123499
s055,1,7,3.138567
s055,1,8,3.105528
s055,1,9,3.131755
s055,1,10,3.13455
s055,1,11,3.152587
s055,1,12,3.136194
s055,1,13,3.140429
s055,1,14,3.147445
s055,1,15,3.165108
s055,1,16,3.126588
s055,1,17,3.152184
s055,1,18,3.155068
s055,1,19,3.169869
s055,1,20,3.152578
s055,1,21,3.168132
s055,1,22,3.177357
s055,1,23,3.188986
s055,1,24,3.15662
s055,1,25,3.176038
s055,1,26,3.190097
s055,1,27,3.2034
s055,1,28,3.200248
s055,1,29,3.186346
s055,1,30,3.206973
s055,1,31,3.219271
s055,1,32,3.189991
s055,1,33,3.18948
s055,1,34,3.202958
s055,1,35,3.212956
s055,1,36,3.205057
s055,1,37,3.210171
s055,1,38,3.230084
s055,1,39,3.243266
s055,1,40,3.202384
s055,1,41,3.225402
s055,1,42,3.243155
s055,1,43,3.252985
s055,1,44,3.231114
s055,1,45,3.236117
s055,1,46,3.249164
s055,1,47,3.26335
s055,1,48,3.222124
s055,1,49,3.241922
s055,1,50,3.25479
s055,1,51,3.303233
s055,1,52,3.248416
s055,1,53,3.255727
s055,1,54,3.273309
s055,1,55,3.277888
s055,1,56,3.255622
s055,1,57,3.267699
s055,1,58,3.273286
s055,1,59,3.286496
s055,1,60,3.261257
s055,1,61,3.280892
s055,1,62,3.29471
s055,1,63,3.295562
s055,1,64,3.285351
s055,1,65,3.275229
s055,1,66,3.302739
s055,1,67,3.324772
s055,1,68,3.302633
s055,1,69,3.298866
s055,1,70,3.320603
s055,1,71,3.317682
s055,1,72,3.288271
s055,1,73,3.318524
s055,1,74,3.319635
s055,1,75,3.334747
s055,1,76,3.340652
s055,1,77,3.32416
s055,1,78,3.335311
s055,1,79,3.350096
s055,1,80,3.321526
s055,1,81,3.329224
s055,1,82,3.349202
s055,1,83,3.359234
s055,1,84,3.337176
s055,1,85,3.341356
s055,1,86,3.353641
s055,1,87,3.366887
s055,1,88,3.341129
s055,1,89,3.354588
s055,1,90,3.369075
s055,1,91,3.37854
s055,1,92,3.374992
s055,1,93,3.382685
s055,1,94,3.386191
s055,1,95,3.392942
s055,1,96,3.370344
s055,1,97,3.373188
s055,1,98,3.403042
s055,1,99,3.407037
s055,1,100,3.394431
s055,1,101,3.398745
s055,1,102,3.409261
s055,1,103,3.420495
s055,1,104,3.393258
s055,1,105,3.409606
s055,1,106,3.421147
s055,1,107,3.430965
s055,1,108,3.429506
s055,1,109,3.427455
s055,1,110,3.438383
s055,1,111,3.442713
s055,1,112,3.418467
s055,1,113,3.437226
s055,1,114,3.44785
s055,1,115,3.473412
s055,1,116,3.44962
s055,1,117,3.451724
s055,1,118,3.454328
s055,1,119,3.469052
s055,1,120,3.450516
s055,1,121,3.45605
s055,1,122,3.477673
s055,1,123,3.49045
s055,1,124,3.457103
s055,1,125,3.473195
s055,1,126,3.498411
s055,1,127,3.498903
s055,1,128,3.467375
s055,1,129,3.4686
s055,1,130,3.483658
s055,1,131,3.495589
s055,1,132,3.481061
s055,1,133,3.492334
s055,1,134,3.507249
s055,1,135,3.524565
s055,1,136,3.487158
s055,1,137,3.503958
s055,1,138,3.52806
s055,1,139,3.528519
s055,1,140,3.522571
s055,1,141,3.520619
s055,1,142,3.53275
s055,1,143,3.54617
s055,1,144,3.521737
s055,1,145,3.527346
s055,1,146,3.539111
s055,1,147,3.552089
s055,1,148,3.539056
s055,1,149,3.55063
s055,1,150,3.550634
s055,1,151,3.569387
s055,1,152,3.545012
s055,1,153,3.548467
s055,1,154,3.560232
s055,1,155,3.585782
s055,1,156,3.573973
s055,1,157,3.580711
s055,1,158,3.590199
s055,1,159,3.604358
s055,1,160,3.565677
s055,1,161,3.583614
s055,1,162,3.595493
s055,1,163,3.607119
s055,1,164,3.587807
s055,1,165,3.598272
s055,1,166,3.601631
s055,1,167,3.629537
s055,1,168,3.602071
s055,1,169,3.611037
s055,1,170,3.625354
s055,1,171,3.627677
s055,1,172,3.62485
s055,1,173,3.633875
s055,1,174,3.64097
s055,1,175,3.666932
s055,1,176,3.625307
s055,1,177,3.637061
s055,1,178,3.650219
s055,1,179,3.653746
s055,1,180,3.63576
s055,1,181,3.657077
s055,1,182,3.668042
s055,1,183,3.675457
s055,1,184,3.649447
s055,1,185,3.673462
s055,1,186,3.681212
s055,1,187,3.700927
s055,1,188,3.675068
s055,1,189,3.676359
s055,1,190,3.696808
s055,1,191,3.704303
s055,1,192,3.676394
s055,1,193,3.688897
s055,1,194,3.70126
s055,1,195,3.719499
s055,1,196,3.701661
s055,1,197,3.709788
s055,1,198,3.727213
s055,1,199,3.737384
s055,1,200,3.71186
s055,1,201,3.732796
s055,1,202,3.749605
s055,1,203,3.742486
s055,1,204,3.740234
s055,1,205,3.73917
s055,1,206,3.745449
s055,1,207,3.762914
s055,1,208,3.732275
s055,1,209,3.750398
s055,1,210,3.766806
s055,1,211,3.788499
s055,1,212,3.763151
s055,1,213,3.772978
s055,1,214,3.783636
s055,1,215,3.785624
s055,1,216,3.761993
s055,1,217,3.777501
s055,1,218,3.788456
s055,1,219,3.797929
s055,1,220,3.788143
s055,1,221,3.789983
s055,1,222,3.814622
s055,1,223,3.813773
s055,1,224,3.792217
s055,1,225,3.792685
s055,1,226,3.81283
s055,1,227,3.825945
s055,1,228,3.803132
s055,1,229,3.815736
s055,1,230,3.828012
s055,1,231,3.843084
s055,1,232,3.814373
s055,1,233,3.827848
s055,1,234,3.833687
s055,1,235,3.866312
s055,1,236,3.835094
s055,1,237,3.849602
s055,1,238,3.854661
s055,1,239,3.870674
s055,1,240,3.838211
s055,1,241,3.856486
s055,1,242,3.870192
s055,1,243,3.877217
s055,1,244,3.868795
s055,1,245,3.88926
s055,1,246,3.886004
s055,1,247,3.912691
s055,1,248,3.872446
s055,1,249,3.884977
s055,1,250,3.894529
s055,1,251,3.915348
s055,1,252,3.891788
s055,1,253,3.914809
s055,1,254,3.913295
s055,1,255,3.937237
s055,1,256,3.894029
s055,1,257,3.904579
s055,1,258,3.91729
s055,1,259,3.92621
s055,1,260,3.913205
s055,1,261,3.924572
s055,1,262,3.932002
s055,1,263,3.953102
s055,1,264,3.933263
s055,1,265,3.935371
s055,1,266,3.954417
s055,1,267,3.978759
s055,1,268,3.940248
s055,1,269,3.953999
s055,1,270,3.968814
s055,1,271,3.98106
s055,1,272,3.947264
s055,1,273,3.969019
s055,1,274,3.970594
s055,1,275,4.000043
s055,1,276,3.969782
s055,1,277,3.980641
s055,1,278,3.987795
s055,1,279,4.00451
s055,1,280,3.967906
s055,1,281,3.982946
s055,1,282,3.993394
s055,1,283,4.017022
s055,1,284,3.991682
s055,1,285,4.01525
s055,1,286,4.021362
s055,1,287,4.043376
s055,1,288,3.99783
s055,1,289,4.017851
s055,1,290,4.040788
s055,1,291,4.045844
s055,1,292,4.025447
s055,1,293,4.031344
s055,1,294,4.039957
s055,1,295,4.058933
s055,1,296,4.034432
s055,1,297,4.05125
s055,1,298,4.058763
s055,1,299,4.072466
s055,1,300,4.059951
s055,1,301,4.063261
s055,1,302,4.071781
s055,1,303,4.083637
s055,1,304,4.053658
s055,1,305,4.071064
s055,1,306,4.075061
s055,1,307,4.090558
s055,1,308,4.081267
s055,1,309,4.096103
s055,1,310,4.102226
s055,1,311,4.115999
s055,1,312,4.083361
s055,1,313,4.104298
s055,1,314,4.121581
s055,1,315,4.125907
s055,1,316,4.112917
s055,1,317,4.129147
s055,1,318,4.141853
s055,1,319,4.138716
s055,1,320,4.1075
s055,1,321,4.158279
s055,1,322,4.13601
s055,1,323,4.151403
s055,1,324,4.140691
s055,1,325,4.142871
s055,1,326,4.162327
s055,1,327,4.167053
s055,1,328,4.136743
s055,1,329,4.163374
s055,1,330,4.176335
s055,2,1,3.0963
s055,2,2,3.11617
s055,2,3,3.117865
s055,2,4,3.104732
s055,2,5,3.115705
s055,2,6,3.126054
s055,2,7,3.13492
s055,2,8,3.104872
s055,2,9,3.11054
s055,2,10,3.131502
s055,2,11,3.135015
s055,2,12,3.126428
s055,2,13,3.153681
s055,2,14,3.154808
s055,2,15,3.176515
s055,2,16,3.125753
s055,2,17,3.154965
s055,2,18,3.16441
s055,2,19,3.178067
s055,2,20,3.16016
s055,2,21,3.16465
s055,2,22,3.17247
s055,2,23,3.191343
s055,2,24,3.155899
s055,2,25,3.188788
s055,2,26,3.183681
s055,2,27,3.208121
s055,2,28,3.187356
s055,2,29,3.193021
s055,2,30,3.203727
s055,2,31,3.215996
s055,2,32,3.184388
s055,2,33,3.195269
s055,2,34,3.212368
s055,2,35,3.219311
s055,2,36,3.202017
s055,2,37,3.212319
s055,2,38,3.219527
s055,2,39,3.228927
s055,2,40,3.202341
s055,2,41,3.22402
s055,2,42,3.236992
s055,2,43,3.251731
s055,2,44,3.233487
s055,2,45,3.248068
s055,2,46,3.253368
s055,2,47,3.269259
s055,2,48,3.22378
s055,2,49,3.245872
s055,2,50,3.2517
s055,2,51,3.26396
s055,2,52,3.241405
s055,2,53,3.264174
s055,2,54,3.270225
s055,2,55,3.280207
s055,2,56,3.263526
s055,2,57,3.275076
s055,2,58,3.279711
s055,2,59,3.294021
s055,2,60,3.279905
s055,2,61,3.289609
s055,2,62,3.301085
s055,2,63,3.309253
s055,2,64,3.27379
s055,2,65,3.29409
s055,2,66,3.297252
s055,2,67,3.306389
s055,2,68,3.289784
s055,2,69,3.303715
s055,2,70,3.308229
s055,2,71,3.3222
s055,2,72,3.294297
s055,2,73,3.311289
s055,2,74,3.322693
s055,2,75,3.349898
s055,2,76,3.322773
s055,2,77,3.324438
s055,2,78,3.333533
s055,2,79,3.345403
s055,2,80,3.318681
s055,2,81,3.327482
s055,2,82,3.342504
s055,2,83,3.361053
s055,2,84,3.335681
s055,2,85,3.336001
s055,2,86,3.35473
s055,2,87,3.37068
s055,2,88,3.337367
s055,2,89,3.352698
s055,2,90,3.379296
s055,2,91,3.3976
s055,2,92,3.365239
s055,2,93,3.375155
s055,2,94,3.383615
s055,2,95,3.398889
s055,2,96,3.360747
s055,2,97,3.398062
s055,2,98,3.39717
s055,2,99,3.414631
s055,2,100,3.393094
s055,2,101,3.399937
s055,2,102,3.409715
s055,2,103,3.4237
s055,2,104,3.393005
s055,2,105,3.408297
s055,2,106,3.44689
s055,2,107,3.42718
s055,2,108,3.4172
s055,2,109,3.421389
s055,2,110,3.433972
s055,2,111,3.449782
s055,2,112,3.41203
s055,2,113,3.431524
s055,2,114,3.445519
s055,2,115,3.458652
s055,2,116,3.436515
s055,2,117,3.443326
s055,2,118,3.45932
s055,2,119,3.482998
s055,2,120,3.443224
s055,2,121,3.456703
s055,2,122,3.499283
s055,2,123,3.481163
s055,2,124,3.46632
s055,2,125,3.481425
s055,2,126,3.489295
s055,2,127,3.496215
s055,2,128,3.463207
s055,2,129,3.483611
s055,2,130,3.48448
s055,2,131,3.530998
s055,2,132,3.495856
s055,2,133,3.494215
s055,2,134,3.506592
s055,2,135,3.518051
s055,2,136,3.480482
s055,2,137,3.502728
s055,2,138,3.514137
s055,2,139,3.532599
s055,2,140,3.509706
s055,2,141,3.514811
s055,2,142,3.532625
s055,2,143,3.548216
s055,2,144,3.506444
s055,2,145,3.528209
s055,2,146,3.53856
s055,2,147,3.553602
s055,2,148,3.546646
s055,2,149,3.539622
s055,2,150,3.557068
s055,2,151,3.569633
s055,2,152,3.535598
s055,2,153,3.565604
s055,2,154,3.566996
s055,2,155,3.581986
s055,2,156,3.556614
s055,2,157,3.570501
s055,2,158,3.597682
s055,2,159,3.600283
s055,2,160,3.56747
s055,2,161,3.588013
s055,2,162,3.592339
s055,2,163,3.602577
s055,2,164,3.583468
s055,2,165,3.594598
s055,2,166,3.604883
s055,2,167,3.618122
s055,2,168,3.595735
s055,2,169,3.60495
s055,2,170,3.621051
s055,2,171,3.643925
s055,2,172,3.632515
s055,2,173,3.624
s055,2,174,3.632452
s055,2,175,3.648207
s055,2,176,3.609628
s055,2,177,3.637287
s055,2,178,3.651979
s055,2,179,3.653572
s055,2,180,3.644804
s055,2,181,3.642944
s055,2,182,3.657783
s055,2,183,3.679853
s055,2,184,3.649963
s055,2,185,3.681626
s055,2,186,3.666928
s055,2,187,3.683955
s055,2,188,3.674466
s055,2,189,3.691358
s055,2,190,3.693084
s055,2,191,3.710755
s055,2,192,3.691324
s055,2,193,3.687517
s055,2,194,3.707263
s055,2,195,3.713829
s055,2,196,3.701583
s055,2,197,3.721693
s055,2,198,3.712788
s055,2,199,3.728136
s055,2,200,3.699009
s055,2,201,3.720548
s055,2,202,3.732131
s055,2,203,3.747122
s055,2,204,3.732297
s055,2,205,3.732638
s055,2,206,3.754018
s055,2,207,3.76078
s055,2,208,3.74053
s055,2,209,3.74937
s055,2,210,3.759579
s055,2,211,3.776653
s055,2,212,3.745642
s055,2,213,3.766019
s055,2,214,3.794695
s055,2,215,3.79183
s055,2,216,3.759508
s055,2,217,3.780586
s055,2,218,3.787938
s055,2,219,3.805451
s055,2,220,3.785585
s055,2,221,3.79663
s055,2,222,3.804025
s055,2,223,3.812163
s055,2,224,3.786454
s055,2,225,3.796609
s055,2,226,3.806246
s055,2,227,3.822887
s055,2,228,3.795707
s055,2,229,3.825302
s055,2,230,3.835114
s055,2,231,3.84235
s055,2,232,3.810872
s055,2,233,3.829135
s055,2,234,3.840515
s055,2,235,3.84555
s055,2,236,3.834734
s055,2,237,3.840302
s055,2,238,3.855618
s055,2,239,3.879965
s055,2,240,3.835464
s055,2,241,3.852825
s055,2,242,3.868241
s055,2,243,3.883811
s055,2,244,3.881095
s055,2,245,3.877774
s055,2,246,3.892909
s055,2,247,3.90325
s055,2,248,3.871195
s055,2,249,3.893657
s055,2,250,3.9025
s055,2,251,3.909487
s055,2,252,3.896761
s055,2,253,3.914266
s055,2,254,3.914645
s055,2,255,3.92675
s055,2,256,3.907966
s055,2,257,3.912247
s055,2,258,3.918472
s055,2,259,3.935535
s055,2,260,3.914542
s055,2,261,3.924314
s055,2,262,3.943885
s055,2,263,3.942616
s055,2,264,3.926388
s055,2,265,3.941969
s055,2,266,3.954029
s055,2,267,3.97291
s055,2,268,3.945209
s055,2,269,3.951383
s055,2,270,3.970734
s055,2,271,3.983735
s055,2,272,3.963505
s055,2,273,3.968388
s055,2,274,3.993747
s055,2,275,3.995764
s055,2,276,3.96337
s055,2,277,3.975676
s055,2,278,3.995578
s055,2,279,4.001593
s055,2,280,3.977811
s055,2,281,3.995415
s055,2,282,4.002267
s055,2,283,4.01939
s055,2,284,4.003768
s055,2,285,4.004158
s055,2,286,4.019448
s055,2,287,4.03547
s055,2,288,4.006618
s055,2,289,4.034814
s055,2,290,4.04738
s055,2,291,4.052989
s055,2,292,4.027709
s055,2,293,4.037476
s055,2,294,4.042768
s055,2,295,4.055148
s055,2,296,4.026416
s055,2,297,4.045967
s055,2,298,4.058599
s055,2,299,4.069554
s055,2,300,4.07616
s055,2,301,4.064173
s055,2,302,4.07516
s055,2,303,4.090174
s055,2,304,4.052837
s055,2,305,4.073376
s055,2,306,4.104615
s055,2,307,4.098408
s055,2,308,4.081258
s055,2,309,4.094962
s055,2,310,4.105448
s055,2,311,4.113148
s055,2,312,4.082447
s055,2,313,4.10925
s055,2,314,4.115539
s055,2,315,4.15107
s055,2,316,4.122898
s055,2,317,4.12752
s055,2,318,4.133863
s055,2,319,4.14263
s055,2,320,4.131613
s055,2,321,4.121701
s055,2,322,4.143342
s055,2,323,4.152896
s055,2,324,4.137224
s055,2,325,4.140874
s055,2,326,4.157209
s055,2,327,4.1731
s055,2,328,4.143832
s055,2,329,4.163437
s055,2,330,4.184587
s057,0,1,3.082636
s057,0,2,3.091238
s057,0,3,3.101693
s057,0,4,3.08669
s057,0,5,3.098983
s057,0,6,3.109108
s057,0,7,3.122954
s057,0,8,3.094809
s057,0,9,3.09925
s057,0,10,3.10787
s057,0,11,3.118215
s057,0,12,3.117972
s057,0,13,3.113142
s057,0,14,3.126173
s057,0,15,3.139684
s057,0,16,3.126043
s057,0,17,3.119968
s057,0,18,3.136465
s057,0,19,3.152259
s057,0,20,3.126285
s057,0,21,3.129722
s057,0,22,3.141566
s057,0,23,3.162491
s057,0,24,3.127282
s057,0,25,3.149384
s057,0,26,3.164428
s057,0,27,3.175445
s057,0,28,3.154694
s057,0,29,3.168686
s057,0,30,3.171898
s057,0,31,3.194038
s057,0,32,3.15659
s057,0,33,3.176176
s057,0,34,3.184339
s057,0,35,3.206372
s057,0,36,3.187742
s057,0,37,3.207342
s057,0,38,3.206955
s057,0,39,3.226948
s057,0,40,3.186439
s057,0,41,3.196603
s057,0,42,3.213921
s057,0,43,3.229836
s057,0,44,3.205824
s057,0,45,3.217214
s057,0,46,3.225281
s057,0,47,3.228523
s057,0,48,3.196581
s057,0,49,3.218468
s057,0,50,3.246772
s057,0,51,3.241291
s057,0,52,3.230813
s057,0,53,3.23718
s057,0,54,3.259959
s057,0,55,3.265768
s057,0,56,3.227386
s057,0,57,3.250671
s057,0,58,3.255084
s057,0,59,3.273774
s057,0,60,3.258307
s057,0,61,3.25731
s057,0,62,3.272988
s057,0,63,3.286258
s057,0,64,3.258625
s057,0,65,3.268072
s057,0,66,3.291499
s057,0,67,3.293388
s057,0,68,3.281755
s057,0,69,3.284484
s057,0,70,3.311001
s057,0,71,3.303535
s057,0,72,3.284075
s057,0,73,3.288466
s057,0,74,3.301931
s057,0,75,3.313262
s057,0,76,3.289599
s057,0,77,3.304154
s057,0,78,3.311006
s057,0,79,3.326654
s057,0,80,3.294694
s057,0,81,3.312127
s057,0,82,3.321668
s057,0,83,3.330367
s057,0,84,3.314515
s057,0,85,3.325041
s057,0,86,3.334453
s057,0,87,3.352504
s057,0,88,3.311973
s057,0,89,3.337029
s057,0,90,3.345524
s057,0,91,3.358389
s057,0,92,3.339082
s057,0,93,3.346674
s057,0,94,3.356239
s057,0,95,3.368524
s057,0,96,3.350503
s057,0,97,3.360614
s057,0,98,3.3738
s057,0,99,3.377985
s057,0,100,3.369935
s057,0,101,3.372712
s057,0,102,3.390612
s057,0,103,3.392625
s057,0,104,3.364785
s057,0,105,3.392498
s057,0,106,3.402657
s057,0,107,3.406521
s057,0,108,3.385471
s057,0,109,3.400718
s057,0,110,3.413837
s057,0,111,3.416672
s057,0,112,3.394914
s057,0,113,3.420764
s057,0,114,3.416131
s057,0,115,3.435495
s057,0,116,3.420039
s057,0,117,3.424233
s057,0,118,3.445739
s057,0,119,3.453397
s057,0,120,3.427913
s057,0,121,3.433236
s057,0,122,3.453787
s057,0,123,3.468491
s057,0,124,3.435146
s057,0,125,3.442933
s057,0,126,3.463573
s057,0,127,3.474396
s057,0,128,3.440547
s057,0,129,3.46457
s057,0,130,3.479895
s057,0,131,3.488391
s057,0,132,3.464383
s057,0,133,3.476101
s057,0,134,3.487894
s057,0,135,3.493803
s057,0,136,3.466359
s057,0,137,3.467301
s057,0,138,3.484854
s057,0,139,3.503744
s057,0,140,3.476077
s057,0,141,3.494934
s057,0,142,3.504314
s057,0,143,3.504732
s057,0,144,3.482082
s057,0,145,3.499609
s057,0,146,3.517374
s057,0,147,3.539085
s057,0,148,3.511924
s057,0,149,3.518303
s057,0,150,3.54407
s057,0,151,3.560644
s057,0,152,3.507247
s057,0,153,3.525087
s057,0,154,3.539552
s057,0,155,3.551939
s057,0,156,3.53243
s057,0,157,3.541003
s057,0,158,3.559912
s057,0,159,3.581157
s057,0,160,3.537465
s057,0,161,3.549763
s057,0,162,3.565364
s057,0,163,3.582801
s057,0,164,3.552658
s057,0,165,3.582009
s057,0,166,3.577911
s057,0,167,3.592249
s057,0,168,3.560863
s057,0,169,3.577246
s057,0,170,3.593831
s057,0,171,3.603765
s057,0,172,3.583435
s057,0,173,3.596789
s057,0,174,3.610323
s057,0,175,3.627034
s057,0,176,3.590447
s057,0,177,3.609695
s057,0,178,3.622307
s057,0,179,3.629623
s057,0,180,3.627733
s057,0,181,3.633691
s057,0,182,3.634942
s057,0,183,3.648192
s057,0,184,3.612732
s057,0,185,3.644907
s057,0,186,3.646198
s057,0,187,3.654219
s057,0,188,3.646053
s057,0,189,3.643647
s057,0,190,3.675584
s057,0,191,3.67414
s057,0,192,3.633203
s057,0,193,3.654224
s057,0,194,3.67367
s057,0,195,3.708185
s057,0,196,3.678594
s057,0,197,3.682748
s057,0,198,3.687477
s057,0,199,3.704746
s057,0,200,3.671719
s057,0,201,3.691922
s057,0,202,3.705189
s057,0,203,3.715876
s057,0,204,3.69469
s057,0,205,3.712448
s057,0,206,3.721058
s057,0,207,3.73014
s057,0,208,3.704415
s057,0,209,3.729965
s057,0,210,3.733953
s057,0,211,3.748055
s057,0,212,3.73392
s057,0,213,3.740962
s057,0,214,3.766777
s057,0,215,3.754192
s057,0,216,3.732756
s057,0,217,3.749251
s057,0,218,3.764052
s057,0,219,3.769674
s057,0,220,3.751323
s057,0,221,3.765008
s057,1,1,3.078394
s057,1,2,3.092896
s057,1,3,3.112249
s057,1,4,3.077084
s057,1,5,3.094856
s057,1,6,3.097113
s057,1,7,3.108246
s057,1,8,3.094444
s057,1,9,3.090523
s057,1,10,3.094377
s057,1,11,3.115781
s057,1,12,3.111785
s057,1,13,3.108531
s057,1,14,3.114243
s057,1,15,3.137068
s057,1,16,3.100226
s057,1,17,3.122832
s057,1,18,3.131789
s057,1,19,3.152502
s057,1,20,3.135484
s057,1,21,3.141879
s057,1,22,3.159607
s057,1,23,3.157577
s057,1,24,3.12732
s057,1,25,3.143775
s057,1,26,3.158289
s057,1,27,3.17437
s057,1,28,3.176632
s057,1,29,3.166906
s057,1,30,3.169294
s057,1,31,3.184928
s057,1,32,3.160008
s057,1,33,3.172818
s057,1,34,3.187331
s057,1,35,3.198297
s057,1,36,3.174161
s057,1,37,3.194791
s057,1,38,3.203017
s057,1,39,3.217017
s057,1,40,3.173708
s057,1,41,3.189379
s057,1,42,3.212616
s057,1,43,3.216581
s057,1,44,3.202576
s057,1,45,3.20537
s057,1,46,3.220139
s057,1,47,3.229699
s057,1,48,3.219392
s057,1,49,3.215643
s057,1,50,3.220886
s057,1,51,3.236096
s057,1,52,3.223552
s057,1,53,3.238698
s057,1,54,3.245548
s057,1,55,3.260606
s057,1,56,3.223564
s057,1,57,3.243783
s057,1,58,3.251265
s057,1,59,3.265951
s057,1,60,3.243788
s057,1,61,3.255224
s057,1,62,3.270161
s057,1,63,3.280392
s057,1,64,3.261918
s057,1,65,3.281085
s057,1,66,3.279928
s057,1,67,3.288841
s057,1,68,3.290116
s057,1,69,3.301714
s057,1,70,3.298141
s057,1,71,3.32477
s057,1,72,3.270718
s057,1,73,3.283754
s057,1,74,3.304307
s057,1,75,3.304827
s057,1,76,3.294742
s057,1,77,3.302769
s057,1,78,3.297249
s057,1,79,3.321279
s057,1,80,3.282703
s057,1,81,3.303675
s057,1,82,3.318759
s057,1,83,3.334087
s057,1,84,3.319775
s057,1,85,3.323867
s057,1,86,3.331517
s057,1,87,3.346312
s057,1,88,3.315456
s057,1,89,3.329571
s057,1,90,3.349326
s057,1,91,3.35812
s057,1,92,3.340027
s057,1,93,3.346884
s057,1,94,3.360211
s057,1,95,3.375504
s057,1,96,3.341603
s057,1,97,3.356109
s057,1,98,3.368294
s057,1,99,3.388685
s057,1,100,3.375617
s057,1,101,3.377268
s057,1,102,3.38012
s057,1,103,3.396021
s057,1,104,3.348815
s057,1,105,3.373205
s057,1,106,3.403477
s057,1,107,3.433949
s057,1,108,3.396479
s057,1,109,3.405352
s057,1,110,3.40941
s057,1,111,3.421334
s057,1,112,3.395178
s057,1,113,3.414448
s057,1,114,3.422584
s057,1,115,3.440636
s057,1,116,3.41882
s057,1,117,3.423514
s057,1,118,3.4359
s057,1,119,3.445888
s057,1,120,3.408929
s057,1,121,3.431032
s057,1,122,3.449865
s057,1,123,3.458505
s057,1,124,3.442629
s057,1,125,3.441768
s057,1,126,3.459371
s057,1,127,3.467267
s057,1,128,3.447142
s057,1,129,3.473798
s057,1,130,3.468386
s057,1,131,3.470264
s057,1,132,3.477619
s057,1,133,3.474631
s057,1,134,3.492542
s057,1,135,3.503208
s057,1,136,3.467911
s057,1,137,3.458405
s057,1,138,3.503819
s057,1,139,3.503166
s057,1,140,3.477818
s057,1,141,3.500852
s057,1,142,3.50307
s057,1,143,3.514745
s057,1,144,3.488275
s057,1,145,3.506559
s057,1,146,3.518603
s057,1,147,3.532027
s057,1,148,3.519674
s057,1,149,3.513168
s057,1,150,3.534601
s057,1,151,3.553972
s057,1,152,3.508535
s057,1,153,3.527984
s057,1,154,3.537775
s057,1,155,3.553341
s057,1,156,3.531737
s057,1,157,3.543699
s057,1,158,3.562453
s057,1,159,3.566944
s057,1,160,3.54866
s057,1,161,3.550845
s057,1,162,3.568269
s057,1,163,3.587627
s057,1,164,3.56216
s057,1,165,3.576989
s057,1,166,3.595808
s057,1,167,3.604812
s057,1,168,3.560992
s057,1,169,3.582644
s057,1,170,3.597371
s057,1,171,3.602517
s057,1,172,3.593619
s057,1,173,3.595258
s057,1,174,3.609045
s057,1,175,3.621858
s057,1,176,3.610794
s057,1,177,3.618132
s057,1,178,3.624886
s057,1,179,3.655295
s057,1,180,3.625329
s057,1,181,3.631518
s057,1,182,3.658173
s057,1,183,3.658545
s057,1,184,3.620877
s057,1,185,3.636588
s057,1,186,3.64633
s057,1,187,3.655347
s057,1,188,3.637141
s057,1,189,3.646814
s057,1,190,3.662779
s057,1,191,3.677859
s057,1,192,3.647064
s057,1,193,3.661871
s057,1,194,3.674503
s057,1,195,3.682539
s057,1,196,3.677561
s057,1,197,3.683286
s057,1,198,3.695043
s057,1,199,3.706034
s057,1,200,3.670847
s057,1,201,3.686087
s057,1,202,3.705439
s057,1,203,3.712958
s057,1,204,3.695051
s057,1,205,3.710642
s057,1,206,3.718493
s057,1,207,3.728615
s057,1,208,3.712306
s057,1,209,3.721773
s057,1,210,3.731126
s057,1,211,3.750084
s057,1,212,3.729276
s057,1,213,3.739148
s057,1,214,3.759488
s057,1,215,3.759476
s057,1,216,3.729362
s057,1,217,3.75581
s057,1,218,3.754425
s057,1,219,3.771374
s057,1,220,3.747793
s057,1,221,3.761663
s057,2,1,3.061642
s057,2,2,3.087098
s057,2,3,3.091962
s057,2,4,3.077543
s057,2,5,3.098384
s057,2,6,3.106538
s057,2,7,3.111184
s057,2,8,3.085962
s057,2,9,3.100907
s057,2,10,3.11106
s057,2,11,3.126918
s057,2,12,3.100316
s057,2,13,3.112974
s057,2,14,3.126169
s057,2,15,3.132485
s057,2,16,3.10765
s057,2,17,3.125826
s057,2,18,3.13361
s057,2,19,3.149038
s057,2,20,3.133176
s057,2,21,3.142475
s057,2,22,3.1566
s057,2,23,3.170765
s057,2,24,3.126909
s057,2,25,3.146225
s057,2,26,3.172764
s057,2,27,3.176253
s057,2,28,3.157926
s057,2,29,3.15957
s057,2,30,3.173512
s057,2,31,3.196561
s057,2,32,3.174993
s057,2,33,3.180267
s057,2,34,3.179583
s057,2,35,3.191321
s057,2,36,3.18768
s057,2,37,3.203676
s057,2,38,3.194941
s057,2,39,3.215946
s057,2,40,3.182913
s057,2,41,3.19852
s057,2,42,3.211058
s057,2,43,3.21383
s057,2,44,3.20025
s057,2,45,3.215425
s057,2,46,3.225067
s057,2,47,3.23084
s057,2,48,3.206631
s057,2,49,3.220395
s057,2,50,3.238672
s057,2,51,3.243347
s057,2,52,3.242789
s057,2,53,3.238377
s057,2,54,3.241644
s057,2,55,3.263718
s057,2,56,3.218393
s057,2,57,3.245619
s057,2,58,3.255526
s057,2,59,3.269768
s057,2,60,3.255296
s057,2,61,3.254683
s057,2,62,3.275441
s057,2,63,3.290631
s057,2,64,3.239736
s057,2,65,3.267925
s057,2,66,3.288669
s057,2,67,3.291257
s057,2,68,3.275081
s057,2,69,3.28121
s057,2,70,3.283243
s057,2,71,3.309499
s057,2,72,3.269498
s057,2,73,3.289328
s057,2,74,3.30482
s057,2,75,3.31358
s057,2,76,3.297297
s057,2,77,3.30675
s057,2,78,3.311907
s057,2,79,3.32295
s057,2,80,3.296843
s057,2,81,3.311827
s057,2,82,3.32076
s057,2,83,3.330695
s057,2,84,3.316794
s057,2,85,3.318791
s057,2,86,3.335317
s057,2,87,3.351027
s057,2,88,3.321134
s057,2,89,3.328667
s057,2,90,3.34071
s057,2,91,3.350559
s057,2,92,3.338283
s057,2,93,3.35626
s057,2,94,3.360602
s057,2,95,3.364914
s057,2,96,3.335422
s057,2,97,3.3752
s057,2,98,3.368275
s057,2,99,3.379173
s057,2,100,3.371131
s057,2,101,3.366406
s057,2,102,3.3875
s057,2,103,3.393758
s057,2,104,3.362809
s057,2,105,3.383803
s057,2,106,3.397746
s057,2,107,3.409193
s057,2,108,3.406747
s057,2,109,3.405214
s057,2,110,3.411212
s057,2,111,3.413924
s057,2,112,3.388164
s057,2,113,3.410899
s057,2,114,3.427321
s057,2,115,3.43436
s057,2,116,3.415596
s057,2,117,3.425245
s057,2,118,3.43854
s057,2,119,3.445501
s057,2,120,3.416438
s057,2,121,3.435978
s057,2,122,3.44646
s057,2,123,3.457955
s057,2,124,3.427606
s057,2,125,3.438974
s057,2,126,3.444159
s057,2,127,3.477554
s057,2,128,3.442408
s057,2,129,3.45773
s057,2,130,3.461844
s057,2,131,3.478273
s057,2,132,3.459868
s057,2,133,3.464014
s057,2,134,3.488842
s057,2,135,3.496395
s057,2,136,3.471238
s057,2,137,3.477721
s057,2,138,3.487016
s057,2,139,3.505827
s057,2,140,3.47904
s057,2,141,3.485636
s057,2,142,3.500539
s057,2,143,3.512365
s057,2,144,3.483354
s057,2,145,3.505816
s057,2,146,3.520679
s057,2,147,3.527986
s057,2,148,3.508679
s057,2,149,3.53477
s057,2,150,3.535833
s057,2,151,3.550568
s057,2,152,3.510115
s057,2,153,3.526426
s057,2,154,3.534901
s057,2,155,3.549472
s057,2,156,3.52355
s057,2,157,3.546223
s057,2,158,3.568334
s057,2,159,3.600553
s057,2,160,3.546537
s057,2,161,3.549639
s057,2,162,3.59716
s057,2,163,3.5847
s057,2,164,3.56032
s057,2,165,3.580716
s057,2,166,3.59463
s057,2,167,3.601282
s057,2,168,3.564084
s057,2,169,3.578494
s057,2,170,3.597672
s057,2,171,3.609883
s057,2,172,3.592577
s057,2,173,3.598229
s057,2,174,3.613383
s057,2,175,3.629803
s057,2,176,3.593091
s057,2,177,3.606004
s057,2,178,3.624343
s057,2,179,3.624303
s057,2,180,3.612899
s057,2,181,3.640878
s057,2,182,3.634842
s057,2,183,3.648135
s057,2,184,3.610717
s057,2,185,3.634165
s057,2,186,3.654055
s057,2,187,3.659219
s057,2,188,3.660331
s057,2,189,3.647256
s057,2,190,3.657661
s057,2,191,3.68468
s057,2,192,3.642083
s057,2,193,3.664881
s057,2,194,3.693506
s057,2,195,3.69469
s057,2,196,3.670514
s057,2,197,3.681524
s057,2,198,3.69154
s057,2,199,3.703748
s057,2,200,3.677569
s057,2,201,3.690095
s057,2,202,3.703163
s057,2,203,3.730247
s057,2,204,3.704496
s057,2,205,3.726914
s057,2,206,3.715353
s057,2,207,3.725603
s057,2,208,3.709709
s057,2,209,3.710978
s057,2,210,3.73273
s057,2,211,3.746087
s057,2,212,3.731788
s057,2,213,3.727073
s057,2,214,3.749262
s057,2,215,3.749917
s057,2,216,3.720857
s057,2,217,3.749571
s057,2,218,3.766151
s057,2,219,3.771511
s057,2,220,3.75191
s057,2,221,3.769074
s080,0,1,3.092673
s080,0,2,3.095219
s080,0,3,3.114816
s080,0,4,3.120538
s080,0,5,3.09244
s080,0,6,3.113875
s080,0,7,3.113648
s080,0,8,3.121497
s080,0,9,3.100729
s080,0,10,3.118917
s080,0,11,3.122878
s080,0,12,3.139718
s080,0,13,3.119971
s080,0,14,3.14343
s080,0,15,3.154163
s080,0,16,3.161565
s080,0,17,3.159601
s080,0,18,3.154371
s080,0,19,3.186539
s080,0,20,3.181058
s080,0,21,3.148183
s080,0,22,3.163806
s080,0,23,3.177749
s080,0,24,3.187918
s080,0,25,3.174352
s080,0,26,3.182935
s080,0,27,3.187035
s080,0,28,3.199753
s080,0,29,3.193412
s080,0,30,3.186967
s080,0,31,3.204319
s080,0,32,3.217689
s080,0,33,3.204667
s080,0,34,3.209379
s080,0,35,3.219292
s080,0,36,3.235191
s080,0,37,3.194157
s080,0,38,3.210831
s080,0,39,3.227406
s080,0,40,3.236169
s080,0,41,3.222279
s080,0,42,3.236307
s080,0,43,3.243133
s080,0,44,3.260245
s080,0,45,3.221742
s080,0,46,3.229081
s080,0,47,3.257359
s080,0,48,3.265212
s080,0,49,3.248498
s080,0,50,3.25738
s080,0,51,3.264561
s080,0,52,3.274525
s080,0,53,3.24313
s080,0,54,3.256741
s080,0,55,3.278156
s080,0,56,3.279822
s080,0,57,3.274213
s080,0,58,3.269016
s080,0,59,3.299076
s080,0,60,3.297499
s080,0,61,3.270012
s080,0,62,3.294467
s080,0,63,3.294575
s080,0,64,3.305999
s080,0,65,3.292554
s080,0,66,3.300018
s080,0,67,3.321026
s080,0,68,3.322845
s080,0,69,3.286896
s080,0,70,3.306844
s080,0,71,3.31077
s080,0,72,3.325523
s080,0,73,3.309287
s080,0,74,3.312697
s080,0,75,3.329581
s080,0,76,3.34063
s080,0,77,3.339553
s080,0,78,3.334643
s080,0,79,3.336003
s080,0,80,3.351636
s080,0,81,3.340832
s080,0,82,3.340738
s080,0,83,3.354646
s080,0,84,3.362834
s080,0,85,3.343209
s080,0,86,3.352351
s080,0,87,3.357791
s080,0,88,3.374118
s080,0,89,3.366854
s080,0,90,3.362622
s080,0,91,3.371118
s080,0,92,3.380325
s080,0,93,3.371765
s080,0,94,3.381019
s080,0,95,3.388267
s080,0,96,3.391665
s080,0,97,3.383973
s080,0,98,3.390121
s080,0,99,3.405215
s080,0,100,3.406283
s080,0,101,3.386853
s080,0,102,3.397835
s080,0,103,3.412969
s080,0,104,3.42924
s080,0,105,3.409152
s080,0,106,3.418573
s080,0,107,3.428882
s080,0,108,3.438408
s080,0,109,3.400012
s080,0,110,3.429698
s080,0,111,3.459454
s080,0,112,3.444822
s080,0,113,3.433249
s080,0,114,3.451575
s080,0,115,3.450552
s080,0,116,3.459723
s080,0,117,3.437612
s080,0,118,3.447388
s080,0,119,3.478838
s080,0,120,3.467558
s080,0,121,3.450767
s080,0,122,3.47036
s080,0,123,3.48184
s080,0,124,3.475878
s080,0,125,3.470856
s080,0,126,3.476175
s080,0,127,3.493718
s080,0,128,3.51639
s080,0,129,3.483954
s080,0,130,3.491637
s080,0,131,3.510255
s080,0,132,3.506752
s080,0,133,3.481118
s080,0,134,3.489374
s080,0,135,3.507971
s080,0,136,3.519111
s080,0,137,3.498249
s080,0,138,3.509689
s080,0,139,3.517397
s080,0,140,3.537068
s080,0,141,3.5046
s080,0,142,3.520719
s080,0,143,3.532008
s080,0,144,3.55038
s080,0,145,3.529812
s080,0,146,3.52552
s080,0,147,3.54924
s080,0,148,3.568062
s080,0,149,3.523004
s080,0,150,3.547361
s080,0,151,3.552225
s080,0,152,3.572336
s080,0,153,3.556599
s080,0,154,3.558056
s080,0,155,3.570716
s080,0,156,3.587016
s080,0,157,3.559084
s080,0,158,3.572699
s080,0,159,3.589131
s080,0,160,3.608741
s080,0,161,3.582813
s080,0,162,3.586937
s080,0,163,3.608548
s080,0,164,3.616713
s080,0,165,3.58469
s080,0,166,3.603154
s080,0,167,3.605681
s080,0,168,3.619744
s080,0,169,3.611435
s080,0,170,3.605249
s080,0,171,3.623558
s080,0,172,3.633268
s080,0,173,3.60809
s080,0,174,3.63814
s080,0,175,3.635464
s080,0,176,3.660919
s080,0,177,3.624089
s080,0,178,3.65018
s080,0,179,3.657852
s080,0,180,3.664429
s080,0,181,3.636919
s080,0,182,3.650696
s080,0,183,3.675875
s080,0,184,3.672109
s080,0,185,3.661219
s080,0,186,3.669848
s080,0,187,3.68203
s080,0,188,3.698411
s080,0,189,3.666231
s080,0,190,3.687094
s080,0,191,3.700224
s080,0,192,3.706882
s080,0,193,3.711045
s080,0,194,3.696989
s080,0,195,3.709831
s080,0,196,3.727248
s080,0,197,3.694829
s080,0,198,3.713164
s080,0,199,3.729164
s080,0,200,3.764952
s080,0,201,3.721786
s080,0,202,3.736807
s080,0,203,3.752771
s080,0,204,3.753252
s080,0,205,3.729486
s080,0,206,3.740819
s080,0,207,3.753704
s080,0,208,3.76444
s080,0,209,3.749708
s080,0,210,3.77222
s080,0,211,3.770319
s080,0,212,3.795196
s080,0,213,3.751254
s080,0,214,3.767848
s080,0,215,3.779238
s080,0,216,3.790891
s080,0,217,3.776787
s080,0,218,3.789516
s080,0,219,3.789478
s080,0,220,3.807633
s080,0,221,3.772399
s080,0,222,3.79956
s080,0,223,3.815341
s080,0,224,3.829775
s080,0,225,3.805719
s080,0,226,3.811091
s080,0,227,3.827173
s080,0,228,3.834036
s080,0,229,3.797855
s080,0,230,3.817712
s080,0,231,3.837358
s080,0,232,3.848011
s080,0,233,3.823992
s080,0,234,3.850354
s080,0,235,3.854749
s080,0,236,3.862368
s080,0,237,3.831928
s080,0,238,3.844402
s080,0,239,3.858389
s080,0,240,3.875142
s080,0,241,3.857952
s080,0,242,3.870048
s080,0,243,3.873916
s080,0,244,3.891157
s080,0,245,3.870023
s080,0,246,3.874973
s080,0,247,3.887451
s080,0,248,3.894827
s080,0,249,3.910672
s080,0,250,3.890431
s080,0,251,3.908328
s080,0,252,3.921916
s080,0,253,3.887347
s080,0,254,3.903223
s080,0,255,3.91878
s080,0,256,3.934378
s080,0,257,3.921786
s080,0,258,3.911233
s080,0,259,3.926138
s080,0,260,3.952528
s080,0,261,3.909189
s080,0,262,3.923488
s080,0,263,3.937739
s080,0,264,3.952984
s080,0,265,3.932727
s080,0,266,3.939417
s080,0,267,3.961934
s080,0,268,3.968849
s080,0,269,3.938397
s080,0,270,3.952579
s080,0,271,3.963442
s080,0,272,3.978987
s080,0,273,3.977749
s080,0,274,3.966743
s080,0,275,3.983349
s080,0,276,4.000108
s080,0,277,3.960176
s080,0,278,3.98321
s080,0,279,3.999203
s080,0,280,4.006593
s080,0,281,4.00525
s080,0,282,3.995682
s080,0,283,4.003441
s080,0,284,4.019372
s080,0,285,3.994166
s080,0,286,4.016629
s080,0,287,4.017093
s080,0,288,4.038537
s080,0,289,4.018747
s080,0,290,4.028977
s080,0,291,4.03947
s080,0,292,4.052317
s080,0,293,4.016312
s080,0,294,4.055403
s080,0,295,4.048669
s080,0,296,4.064611
s080,0,297,4.048002
s080,0,298,4.044764
s080,0,299,4.062762
s080,0,300,4.074185
s080,0,301,4.042731
s080,0,302,4.0585
s080,0,303,4.073122
s080,0,304,4.0913
s080,0,305,4.062514
s080,0,306,4.08688
s080,0,307,4.083139
s080,0,308,4.102973
s080,0,309,4.074271
s080,0,310,4.091682
s080,0,311,4.10989
s080,0,312,4.116967
s080,0,313,4.103676
s080,0,314,4.113092
s080,0,315,4.126839
s080,0,316,4.135433
s080,0,317,4.096657
s080,0,318,4.128628
s080,0,319,4.141479
s080,0,320,4.149826
s080,0,321,4.12827
s080,0,322,4.150678
s080,0,323,4.161336
s080,0,324,4.169526
s080,0,325,4.122352
s080,0,326,4.147403
s080,0,327,4.160645
s080,0,328,4.174733
s080,0,329,4.149176
s080,0,330,4.167193
s080,0,331,4.174853
s080,0,332,4.180834
s080,0,333,4.16355
s080,0,334,4.179129
s080,0,335,4.19111
s080,0,336,4.204433
s080,0,337,4.196284
s080,0,338,4.200903
s080,0,339,4.208054
s080,0,340,4.220632
s080,0,341,4.190726
s080,0,342,4.200497
s080,0,343,4.22221
s080,0,344,4.226969
s080,0,345,4.212535
s080,0,346,4.239825
s080,0,347,4.237499
s080,0,348,4.241608
s080,0,349,4.213045
s080,0,350,4.222979
s080,0,351,4.252167
s080,0,352,4.247557
s080,0,353,4.245138
s080,0,354,4.255937
s080,0,355,4.262637
s080,0,356,4.275696
s080,0,357,4.237362
s080,0,358,4.260914
s080,0,359,4.271626
s080,0,360,4.282571
s080,0,361,4.263809
s080,0,362,4.276796
s080,0,363,4.29035
s080,0,364,4.300582
s080,0,365,4.288946
s080,0,366,4.291094
s080,0,367,4.301017
s080,0,368,4.314624
s080,0,369,4.294771
s080,0,370,4.31056
s080,0,371,4.315251
s080,0,372,4.328056
s080,0,373,4.292627
s080,0,374,4.310115
s080,0,375,4.321283
s080,0,376,4.333713
s080,0,377,4.316024
s080,0,378,4.334069
s080,0,379,4.349786
s080,0,380,4.357664
s080,0,381,4.318002
s080,0,382,4.34386
s080,0,383,4.357839
s080,0,384,4.370033
s080,0,385,4.355613
s080,0,386,4.35492
s080,0,387,4.3712
s080,0,388,4.407882
s080,0,389,4.344149
s080,0,390,4.364721
s080,0,391,4.375828
s080,0,392,4.393694
s080,0,393,4.371798
s080,0,394,4.384634
s080,0,395,4.409403
s080,0,396,4.402105
s080,0,397,4.393402
s080,0,398,4.386569
s080,0,399,4.400807
s080,0,400,4.429016
s080,0,401,4.400232
s080,0,402,4.424172
s080,0,403,4.425454
s080,0,404,4.438955
s080,0,405,4.401394
s080,0,406,4.425801
s080,0,407,4.43229
s080,0,408,4.445295
s080,0,409,4.430541
s080,0,410,4.436566
s080,0,411,4.45645
s080,0,412,4.469943
s080,0,413,4.439979
s080,0,414,4.457312
s080,0,415,4.480374
s080,0,416,4.476466
s080,0,417,4.456163
s080,0,418,4.468345
s080,0,419,4.477616
s080,0,420,4.490842
s080,0,421,4.459177
s080,0,422,4.481801
s080,0,423,4.501183
s080,0,424,4.508571
s080,0,425,4.486695
s080,0,426,4.496119
s080,0,427,4.524345
s080,0,428,4.529077
s080,0,429,4.493766
s080,0,430,4.509256
s080,0,431,4.520921
s080,0,432,4.536332
s080,0,433,4.516917
s080,0,434,4.533595
s080,0,435,4.532516
s080,0,436,4.550073
s080,0,437,4.515422
s080,0,438,4.538536
s080,0,439,4.544746
s080,0,440,4.563715
s080,0,441,4.538452
s080,0,442,4.545916
s080,0,443,4.573143
s080,0,444,4.600835
s080,0,445,4.55054
s080,0,446,4.570549
s080,0,447,4.584417
s080,0,448,4.582613
s080,0,449,4.571796
s080,0,450,4.588035
s080,0,451,4.590122
s080,0,452,4.611243
s080,0,453,4.573625
s080,0,454,4.586106
s080,0,455,4.602898
s080,0,456,4.620394
s080,0,457,4.59092
s080,0,458,4.601658
s080,0,459,4.62459
s080,0,460,4.622091
s080,0,461,4.598454
s080,0,462,4.622891
s080,0,463,4.624845
s080,0,464,4.639877
s080,0,465,4.619682
s080,0,466,4.657646
s080,0,467,4.640918
s080,0,468,4.656518
s080,0,469,4.629938
s080,0,470,4.665579
s080,0,471,4.663926
s080,0,472,4.670288
s080,0,473,4.654727
s080,0,474,4.672486
s080,0,475,4.67293
s080,0,476,4.684592
s080,0,477,4.65976
s080,0,478,4.692438
s080,0,479,4.702648
s080,0,480,4.73903
s080,0,481,4.686542
s080,0,482,4.703263
s080,0,483,4.704734
s080,0,484,4.735858
s080,0,485,4.682134
s080,0,486,4.710642
s080,0,487,4.727552
s080,0,488,4.724809
s080,0,489,4.702528
s080,0,490,4.73931
s080,1,1,3.105888
s080,1,2,3.11233
s080,1,3,3.127432
s080,1,4,3.135128
s080,1,5,3.102746
s080,1,6,3.118718
s080,1,7,3.128094
s080,1,8,3.137184
s080,1,9,3.115912
s080,1,10,3.128123
s080,1,11,3.143624
s080,1,12,3.151482
s080,1,13,3.126482
s080,1,14,3.145576
s080,1,15,3.152736
s080,1,16,3.170455
s080,1,17,3.149236
s080,1,18,3.160265
s080,1,19,3.172473
s080,1,20,3.195327
s080,1,21,3.152072
s080,1,22,3.168388
s080,1,23,3.180898
s080,1,24,3.190461
s080,1,25,3.174447
s080,1,26,3.186709
s080,1,27,3.211192
s080,1,28,3.207105
s080,1,29,3.175173
s080,1,30,3.189553
s080,1,31,3.203145
s080,1,32,3.220386
s080,1,33,3.206376
s080,1,34,3.210089
s080,1,35,3.217122
s080,1,36,3.234629
s080,1,37,3.195432
s080,1,38,3.218872
s080,1,39,3.223024
s080,1,40,3.238113
s080,1,41,3.22396
s080,1,42,3.229535
s080,1,43,3.242713
s080,1,44,3.247259
s080,1,45,3.218035
s080,1,46,3.239461
s080,1,47,3.258808
s080,1,48,3.265433
s080,1,49,3.253505
s080,1,50,3.26142
s080,1,51,3.270613
s080,1,52,3.275299
s080,1,53,3.2475
s080,1,54,3.265218
s080,1,55,3.273744
s080,1,56,3.28538
s080,1,57,3.266288
s080,1,58,3.277371
s080,1,59,3.291851
s080,1,60,3.299769
s080,1,61,3.274365
s080,1,62,3.285004
s080,1,63,3.301783
s080,1,64,3.308108
s080,1,65,3.29761
s080,1,66,3.302183
s080,1,67,3.314569
s080,1,68,3.324234
s080,1,69,3.289085
s080,1,70,3.307796
s080,1,71,3.319019
s080,1,72,3.328918
s080,1,73,3.320312
s080,1,74,3.322921
s080,1,75,3.331185
s080,1,76,3.346028
s080,1,77,3.31702
s080,1,78,3.325525
s080,1,79,3.34054
s080,1,80,3.361241
s080,1,81,3.339324
s080,1,82,3.344137
s080,1,83,3.358115
s080,1,84,3.36751
s080,1,85,3.337141
s080,1,86,3.364466
s080,1,87,3.362453
s080,1,88,3.379864
s080,1,89,3.355284
s080,1,90,3.355077
s080,1,91,3.372507
s080,1,92,3.382462
s080,1,93,3.357045
s080,1,94,3.373237
s080,1,95,3.393229
s080,1,96,3.400519
s080,1,97,3.39035
s080,1,98,3.389305
s080,1,99,3.400776
s080,1,100,3.413564
s080,1,101,3.383819
s080,1,102,3.39692
s080,1,103,3.414243
s080,1,104,3.433047
s080,1,105,3.408165
s080,1,106,3.413548
s080,1,107,3.426862
s080,1,108,3.443819
s080,1,109,3.4137
s080,1,110,3.436028
s080,1,111,3.444375
s080,1,112,3.445304
s080,1,113,3.438578
s080,1,114,3.442558
s080,1,115,3.455965
s080,1,116,3.46607
s080,1,117,3.432136
s080,1,118,3.448704
s080,1,119,3.4562
s080,1,120,3.471175
s080,1,121,3.461959
s080,1,122,3.463795
s080,1,123,3.474971
s080,1,124,3.485656
s080,1,125,3.461803
s080,1,126,3.474451
s080,1,127,3.494853
s080,1,128,3.501221
s080,1,129,3.482157
s080,1,130,3.489023
s080,1,131,3.50474
s080,1,132,3.514303
s080,1,133,3.483526
s080,1,134,3.488023
s080,1,135,3.50081
s080,1,136,3.519937
s080,1,137,3.500915
s080,1,138,3.51203
s080,1,139,3.523066
s080,1,140,3.529212
s080,1,141,3.50627
s080,1,142,3.523427
s080,1,143,3.536444
s080,1,144,3.546857
s080,1,145,3.532832
s080,1,146,3.534591
s080,1,147,3.554682
s080,1,148,3.559136
s080,1,149,3.531541
s080,1,150,3.545397
s080,1,151,3.552549
s080,1,152,3.567403
s080,1,153,3.551047
s080,1,154,3.561702
s080,1,155,3.580526
s080,1,156,3.582771
s080,1,157,3.547883
s080,1,158,3.574274
s080,1,159,3.588836
s080,1,160,3.610095
s080,1,161,3.584685
s080,1,162,3.596277
s080,1,163,3.6014
s080,1,164,3.615092
s080,1,165,3.581085
s080,1,166,3.601469
s080,1,167,3.609441
s080,1,168,3.632251
s080,1,169,3.608793
s080,1,170,3.615398
s080,1,171,3.632045
s080,1,172,3.6516
s080,1,173,3.618063
s080,1,174,3.638087
s080,1,175,3.644747
s080,1,176,3.65985
s080,1,177,3.640716
s080,1,178,3.648927
s080,1,179,3.655656
s080,1,180,3.667738
s080,1,181,3.636373
s080,1,182,3.656059
s080,1,183,3.660942
s080,1,184,3.676319
s080,1,185,3.667109
s080,1,186,3.674469
s080,1,187,3.682469
s080,1,188,3.696329
s080,1,189,3.668596
s080,1,190,3.685965
s080,1,191,3.699603
s080,1,192,3.709431
s080,1,193,3.693073
s080,1,194,3.703561
s080,1,195,3.716645
s080,1,196,3.727088
s080,1,197,3.695454
s080,1,198,3.707115
s080,1,199,3.732139
s080,1,200,3.734533
s080,1,201,3.724185
s080,1,202,3.732838
s080,1,203,3.736933
s080,1,204,3.750323
s080,1,205,3.729613
s080,1,206,3.74733
s080,1,207,3.768964
s080,1,208,3.770634
s080,1,209,3.750205
s080,1,210,3.760486
s080,1,211,3.773353
s080,1,212,3.777835
s080,1,213,3.741014
s080,1,214,3.767823
s080,1,215,3.781787
s080,1,216,3.795025
s080,1,217,3.778242
s080,1,218,3.77975
s080,1,219,3.796315
s080,1,220,3.812757
s080,1,221,3.780786
s080,1,222,3.815332
s080,1,223,3.810844
s080,1,224,3.81522
s080,1,225,3.809909
s080,1,226,3.812611
s080,1,227,3.826209
s080,1,228,3.83395
s080,1,229,3.80539
s080,1,230,3.817132
s080,1,231,3.838986
s080,1,232,3.843663
s080,1,233,3.826612
s080,1,234,3.831344
s080,1,235,3.869176
s080,1,236,3.866007
s080,1,237,3.836445
s080,1,238,3.848789
s080,1,239,3.877945
s080,1,240,3.868194
s080,1,241,3.864572
s080,1,242,3.865579
s080,1,243,3.876083
s080,1,244,3.884503
s080,1,245,3.863925
s080,1,246,3.880645
s080,1,247,3.886229
s080,1,248,3.899447
s080,1,249,3.883403
s080,1,250,3.896795
s080,1,251,3.903642
s080,1,252,3.914797
s080,1,253,3.892452
s080,1,254,3.903675
s080,1,255,3.926219
s080,1,256,3.933887
s080,1,257,3.917799
s080,1,258,3.923809
s080,1,259,3.941945
s080,1,260,3.951351
s080,1,261,3.916176
s080,1,262,3.929912
s080,1,263,3.943987
s080,1,264,3.94851
s080,1,265,3.942154
s080,1,266,3.937476
s080,1,267,3.958694
s080,1,268,3.974193
s080,1,269,3.937853
s080,1,270,3.959262
s080,1,271,3.967892
s080,1,272,3.979322
s080,1,273,3.973722
s080,1,274,3.975171
s080,1,275,3.999256
s080,1,276,4.007086
s080,1,277,3.967462
s080,1,278,4.005235
s080,1,279,3.998075
s080,1,280,4.032813
s080,1,281,3.997253
s080,1,282,3.995292
s080,1,283,4.013427
s080,1,284,4.029585
s080,1,285,3.99918
s080,1,286,4.016431
s080,1,287,4.024584
s080,1,288,4.0416
s080,1,289,4.021898
s080,1,290,4.026351
s080,1,291,4.047873
s080,1,292,4.056551
s080,1,293,4.035485
s080,1,294,4.036881
s080,1,295,4.048984
s080,1,296,4.068371
s080,1,297,4.047529
s080,1,298,4.073655
s080,1,299,4.06807
s080,1,300,4.077322
s080,1,301,4.05965
s080,1,302,4.078426
s080,1,303,4.079291
s080,1,304,4.089864
s080,1,305,4.080573
s080,1,306,4.083531
s080,1,307,4.095653
s080,1,308,4.107331
s080,1,309,4.076697
s080,1,310,4.090756
s080,1,311,4.10519
s080,1,312,4.117577
s080,1,313,4.092272
s080,1,314,4.113254
s080,1,315,4.119776
s080,1,316,4.153641
s080,1,317,4.102622
s080,1,318,4.145575
s080,1,319,4.142945
s080,1,320,4.147316
s080,1,321,4.141995
s080,1,322,4.14695
s080,1,323,4.162162
s080,1,324,4.169408
s080,1,325,4.142933
s080,1,326,4.169688
s080,1,327,4.157117
s080,1,328,4.17392
s080,1,329,4.154528
s080,1,330,4.190327
s080,1,331,4.203623
s080,1,332,4.19409
s080,1,333,4.165672
s080,1,334,4.172938
s080,1,335,4.184372
s080,1,336,4.228792
s080,1,337,4.175183
s080,1,338,4.188561
s080,1,339,4.196161
s080,1,340,4.210977
s080,1,341,4.187618
s080,1,342,4.209363
s080,1,343,4.222495
s080,1,344,4.233319
s080,1,345,4.20943
s080,1,346,4.22246
s080,1,347,4.240568
s080,1,348,4.249209
s080,1,349,4.21707
s080,1,350,4.237238
s080,1,351,4.267993
s080,1,352,4.260771
s080,1,353,4.249256
s080,1,354,4.252089
s080,1,355,4.264031
s080,1,356,4.274983
s080,1,357,4.23907
s080,1,358,4.25732
s080,1,359,4.262679
s080,1,360,4.284435
s080,1,361,4.267519
s080,1,362,4.270935
s080,1,363,4.281762
s080,1,364,4.299595
s080,1,365,4.263951
s080,1,366,4.284087
s080,1,367,4.30259
s080,1,368,4.310278
s080,1,369,4.296532
s080,1,370,4.308878
s080,1,371,4.337261
s080,1,372,4.335845
s080,1,373,4.301216
s080,1,374,4.313943
s080,1,375,4.326961
s080,1,376,4.347013
s080,1,377,4.325428
s080,1,378,4.338512
s080,1,379,4.353475
s080,1,380,4.354185
s080,1,381,4.321182
s080,1,382,4.343726
s080,1,383,4.361694
s080,1,384,4.366802
s080,1,385,4.350738
s080,1,386,4.350993
s080,1,387,4.390219
s080,1,388,4.399212
s080,1,389,4.358241
s080,1,390,4.365016
s080,1,391,4.394848
s080,1,392,4.394678
s080,1,393,4.370336
s080,1,394,4.381175
s080,1,395,4.403518
s080,1,396,4.419371
s080,1,397,4.385018
s080,1,398,4.388743
s080,1,399,4.408668
s080,1,400,4.427482
s080,1,401,4.411787
s080,1,402,4.416769
s080,1,403,4.426027
s080,1,404,4.441835
s080,1,405,4.397416
s080,1,406,4.437856
s080,1,407,4.434298
s080,1,408,4.434377
s080,1,409,4.421862
s080,1,410,4.432784
s080,1,411,4.465414
s080,1,412,4.476558
s080,1,413,4.440887
s080,1,414,4.456814
s080,1,415,4.471937
s080,1,416,4.489119
s080,1,417,4.46649
s080,1,418,4.468957
s080,1,419,4.481885
s080,1,420,4.497901
s080,1,421,4.463047
s080,1,422,4.483335
s080,1,423,4.491635
s080,1,424,4.499279
s080,1,425,4.483782
s080,1,426,4.50327
s080,1,427,4.504976
s080,1,428,4.511422
s080,1,429,4.501379
s080,1,430,4.507242
s080,1,431,4.528593
s080,1,432,4.530447
s080,1,433,4.511606
s080,1,434,4.520604
s080,1,435,4.539231
s080,1,436,4.546225
s080,1,437,4.51951
s080,1,438,4.53011
s080,1,439,4.550165
s080,1,440,4.551398
s080,1,441,4.536864
s080,1,442,4.55536
s080,1,443,4.555998
s080,1,444,4.570594
s080,1,445,4.541128
s080,1,446,4.570473
s080,1,447,4.590459
s080,1,448,4.588414
s080,1,449,4.573254
s080,1,450,4.582409
s080,1,451,4.596888
s080,1,452,4.610918
s080,1,453,4.569298
s080,1,454,4.581406
s080,1,455,4.602643
s080,1,456,4.607415
s080,1,457,4.593633
s080,1,458,4.593115
s080,1,459,4.612661
s080,1,460,4.620358
s080,1,461,4.606932
s080,1,462,4.613994
s080,1,463,4.644891
s080,1,464,4.650861
s080,1,465,4.62624
s080,1,466,4.627606
s080,1,467,4.636409
s080,1,468,4.65215
s080,1,469,4.619887
s080,1,470,4.63847
s080,1,471,4.656623
s080,1,472,4.664431
s080,1,473,4.651348
s080,1,474,4.663188
s080,1,475,4.673693
s080,1,476,4.676913
s080,1,477,4.648804
s080,1,478,4.671485
s080,1,479,4.685262
s080,1,480,4.695931
s080,1,481,4.675606
s080,1,482,4.683839
s080,1,483,4.705745
s080,1,484,4.712191
s080,1,485,4.67869
s080,1,486,4.705757
s080,1,487,4.711957
s080,1,488,4.715191
s080,1,489,4.698779
s080,1,490,4.714881
s080,2,1,3.096421
s080,2,2,3.110629
s080,2,3,3.12204
s080,2,4,3.136527
s080,2,5,3.100985
s080,2,6,3.108396
s080,2,7,3.12117
s080,2,8,3.135791
s080,2,9,3.126101
s080,2,10,3.127065
s080,2,11,3.1429
s080,2,12,3.153064
s080,2,13,3.123976
s080,2,14,3.138425
s080,2,15,3.160655
s080,2,16,3.157561
s080,2,17,3.142823
s080,2,18,3.163127
s080,2,19,3.170024
s080,2,20,3.183539
s080,2,21,3.140504
s080,2,22,3.163421
s080,2,23,3.177186
s080,2,24,3.18959
s080,2,25,3.181002
s080,2,26,3.183064
s080,2,27,3.184666
s080,2,28,3.199961
s080,2,29,3.173716
s080,2,30,3.197799
s080,2,31,3.197702
s080,2,32,3.213161
s080,2,33,3.200416
s080,2,34,3.222995
s080,2,35,3.225358
s080,2,36,3.235072
s080,2,37,3.180391
s080,2,38,3.218597
s080,2,39,3.214583
s080,2,40,3.236133
s080,2,41,3.20207
s080,2,42,3.232681
s080,2,43,3.224949
s080,2,44,3.240941
s080,2,45,3.237527
s080,2,46,3.226635
s080,2,47,3.234432
s080,2,48,3.256041
s080,2,49,3.238925
s080,2,50,3.258098
s080,2,51,3.26422
s080,2,52,3.271323
s080,2,53,3.234523
s080,2,54,3.255045
s080,2,55,3.268842
s080,2,56,3.285326
s080,2,57,3.262877
s080,2,58,3.278119
s080,2,59,3.287762
s080,2,60,3.296014
s080,2,61,3.263708
s080,2,62,3.280854
s080,2,63,3.298172
s080,2,64,3.30423
s080,2,65,3.291354
s080,2,66,3.302902
s080,2,67,3.314306
s080,2,68,3.336734
s080,2,69,3.288459
s080,2,70,3.301266
s080,2,71,3.307424
s080,2,72,3.323943
s080,2,73,3.31054
s080,2,74,3.31711
s080,2,75,3.322456
s080,2,76,3.334371
s080,2,77,3.307204
s080,2,78,3.326181
s080,2,79,3.335743
s080,2,80,3.351415
s080,2,81,3.339618
s080,2,82,3.345093
s080,2,83,3.351921
s080,2,84,3.362489
s080,2,85,3.333044
s080,2,86,3.352786
s080,2,87,3.369637
s080,2,88,3.374658
s080,2,89,3.356117
s080,2,90,3.364594
s080,2,91,3.371518
s080,2,92,3.379009
s080,2,93,3.36238
s080,2,94,3.397775
s080,2,95,3.382552
s080,2,96,3.402401
s080,2,97,3.394557
s080,2,98,3.395187
s080,2,99,3.401784
s080,2,100,3.409236
s080,2,101,3.37901
s080,2,102,3.396223
s080,2,103,3.415339
s080,2,104,3.424251
s080,2,105,3.4078
s080,2,106,3.40158
s080,2,107,3.424341
s080,2,108,3.434637
s080,2,109,3.399162
s080,2,110,3.412524
s080,2,111,3.436131
s080,2,112,3.448724
s080,2,113,3.434091
s080,2,114,3.436311
s080,2,115,3.448765
s080,2,116,3.467206
s080,2,117,3.43908
s080,2,118,3.456331
s080,2,119,3.476489
s080,2,120,3.477367
s080,2,121,3.447207
s080,2,122,3.461866
s080,2,123,3.471147
s080,2,124,3.482361
s080,2,125,3.457707
s080,2,126,3.472962
s080,2,127,3.485008
s080,2,128,3.501115
s080,2,129,3.479873
s080,2,130,3.488948
s080,2,131,3.499405
s080,2,132,3.509618
s080,2,133,3.475992
s080,2,134,3.486133
s080,2,135,3.49659
s080,2,136,3.501215
s080,2,137,3.495273
s080,2,138,3.50644
s080,2,139,3.52322
s080,2,140,3.525845
s080,2,141,3.51248
s080,2,142,3.518515
s080,2,143,3.544245
s080,2,144,3.561225
s080,2,145,3.530869
s080,2,146,3.541689
s080,2,147,3.546379
s080,2,148,3.570031
s080,2,149,3.532558
s080,2,150,3.560902
s080,2,151,3.561739
s080,2,152,3.568761
s080,2,153,3.557343
s080,2,154,3.557086
s080,2,155,3.574316
s080,2,156,3.587798
s080,2,157,3.571261
s080,2,158,3.577352
s080,2,159,3.590254
s080,2,160,3.60006
s080,2,161,3.580298
s080,2,162,3.588788
s080,2,163,3.612407
s080,2,164,3.615184
s080,2,165,3.578457
s080,2,166,3.598081
s080,2,167,3.612999
s080,2,168,3.627648
s080,2,169,3.602653
s080,2,170,3.620488
s080,2,171,3.627597
s080,2,172,3.644474
s080,2,173,3.621411
s080,2,174,3.62925
s080,2,175,3.644493
s080,2,176,3.656339
s080,2,177,3.644802
s080,2,178,3.653537
s080,2,179,3.657617
s080,2,180,3.670752
s080,2,181,3.638263
s080,2,182,3.649492
s080,2,183,3.662513
s080,2,184,3.685017
s080,2,185,3.657749
s080,2,186,3.67674
s080,2,187,3.680763
s080,2,188,3.694331
s080,2,189,3.66764
s080,2,190,3.6807
s080,2,191,3.699279
s080,2,192,3.701172
s080,2,193,3.683227
s080,2,194,3.716505
s080,2,195,3.707659
s080,2,196,3.751258
s080,2,197,3.714469
s080,2,198,3.71445
s080,2,199,3.723773
s080,2,200,3.733644
s080,2,201,3.720811
s080,2,202,3.727318
s080,2,203,3.737039
s080,2,204,3.755694
s080,2,205,3.718474
s080,2,206,3.735856
s080,2,207,3.750832
s080,2,208,3.765589
s080,2,209,3.749822
s080,2,210,3.762491
s080,2,211,3.782664
s080,2,212,3.781008
s080,2,213,3.747005
s080,2,214,3.768265
s080,2,215,3.778658
s080,2,216,3.783175
s080,2,217,3.772898
s080,2,218,3.777499
s080,2,219,3.808019
s080,2,220,3.800984
s080,2,221,3.794127
s080,2,222,3.805939
s080,2,223,3.803027
s080,2,224,3.815109
s080,2,225,3.80657
s080,2,226,3.81803
s080,2,227,3.820869
s080,2,228,3.837363
s080,2,229,3.801481
s080,2,230,3.817374
s080,2,231,3.835481
s080,2,232,3.846516
s080,2,233,3.828268
s080,2,234,3.834006
s080,2,235,3.843125
s080,2,236,3.854051
s080,2,237,3.818744
s080,2,238,3.849167
s080,2,239,3.882893
s080,2,240,3.864251
s080,2,241,3.869483
s080,2,242,3.865037
s080,2,243,3.877945
s080,2,244,3.901006
s080,2,245,3.849225
s080,2,246,3.863923
s080,2,247,3.882691
s080,2,248,3.899035
s080,2,249,3.88019
s080,2,250,3.885157
s080,2,251,3.907147
s080,2,252,3.917857
s080,2,253,3.887105
s080,2,254,3.899074
s080,2,255,3.916989
s080,2,256,3.930427
s080,2,257,3.910195
s080,2,258,3.922845
s080,2,259,3.934312
s080,2,260,3.94983
s080,2,261,3.914855
s080,2,262,3.934673
s080,2,263,3.925836
s080,2,264,3.94409
s080,2,265,3.932443
s080,2,266,3.963443
s080,2,267,3.957619
s080,2,268,3.965915
s080,2,269,3.938775
s080,2,270,3.947827
s080,2,271,3.964308
s080,2,272,3.979279
s080,2,273,3.972885
s080,2,274,3.972786
s080,2,275,3.983911
s080,2,276,3.999404
s080,2,277,3.985498
s080,2,278,3.985452
s080,2,279,3.995082
s080,2,280,4.012913
s080,2,281,3.995086
s080,2,282,3.998759
s080,2,283,4.012257
s080,2,284,4.028771
s080,2,285,3.994891
s080,2,286,4.020923
s080,2,287,4.026691
s080,2,288,4.036988
s080,2,289,4.019345
s080,2,290,4.019884
s080,2,291,4.027882
s080,2,292,4.060511
s080,2,293,4.016877
s080,2,294,4.037061
s080,2,295,4.050878
s080,2,296,4.061308
s080,2,297,4.045186
s080,2,298,4.053726
s080,2,299,4.060636
s080,2,300,4.0741
s080,2,301,4.045091
s080,2,302,4.076358
s080,2,303,4.086159
s080,2,304,4.096316
s080,2,305,4.080336
s080,2,306,4.088965
s080,2,307,4.092521
s080,2,308,4.10959
s080,2,309,4.074486
s080,2,310,4.097756
s080,2,311,4.113334
s080,2,312,4.116022
s080,2,313,4.102938
s080,2,314,4.111323
s080,2,315,4.125895
s080,2,316,4.12822
s080,2,317,4.11042
s080,2,318,4.127853
s080,2,319,4.134007
s080,2,320,4.156231
s080,2,321,4.129082
s080,2,322,4.14826
s080,2,323,4.152851
s080,2,324,4.16211
s080,2,325,4.1321
s080,2,326,4.148515
s080,2,327,4.164492
s080,2,328,4.172615
s080,2,329,4.169064
s080,2,330,4.172178
s080,2,331,4.179845
s080,2,332,4.19354
s080,2,333,4.157037
s080,2,334,4.185462
s080,2,335,4.211532
s080,2,336,4.206358
s080,2,337,4.184677
s080,2,338,4.200188
s080,2,339,4.212149
s080,2,340,4.236901
s080,2,341,4.180381
s080,2,342,4.21229
s080,2,343,4.215239
s080,2,344,4.221069
s080,2,345,4.208678
s080,2,346,4.240949
s080,2,347,4.233339
s080,2,348,4.241025
s080,2,349,4.210567
s080,2,350,4.242866
s080,2,351,4.244795
s080,2,352,4.260266
s080,2,353,4.252185
s080,2,354,4.253295
s080,2,355,4.272633
s080,2,356,4.275926
s080,2,357,4.242745
s080,2,358,4.263726
s080,2,359,4.27143
s080,2,360,4.282875
s080,2,361,4.269956
s080,2,362,4.27288
s080,2,363,4.289479
s080,2,364,4.302186
s080,2,365,4.264407
s080,2,366,4.284066
s080,2,367,4.304625
s080,2,368,4.303115
s080,2,369,4.305363
s080,2,370,4.298345
s080,2,371,4.309801
s080,2,372,4.330951
s080,2,373,4.293116
s080,2,374,4.315003
s080,2,375,4.328431
s080,2,376,4.337368
s080,2,377,4.318731
s080,2,378,4.343256
s080,2,379,4.34222
s080,2,380,4.35108
s080,2,381,4.331877
s080,2,382,4.346795
s080,2,383,4.355185
s080,2,384,4.381003
s080,2,385,4.344177
s080,2,386,4.362622
s080,2,387,4.376095
s080,2,388,4.40461
s080,2,389,4.348667
s080,2,390,4.373649
s080,2,391,4.371091
s080,2,392,4.382835
s080,2,393,4.368803
s080,2,394,4.392067
s080,2,395,4.389941
s080,2,396,4.414061
s080,2,397,4.388363
s080,2,398,4.392489
s080,2,399,4.410657
s080,2,400,4.425247
s080,2,401,4.405447
s080,2,402,4.409499
s080,2,403,4.427997
s080,2,404,4.45083
s080,2,405,4.398239
s080,2,406,4.420393
s080,2,407,4.438956
s080,2,408,4.44949
s080,2,409,4.432794
s080,2,410,4.43924
s080,2,411,4.445263
s080,2,412,4.465344
s080,2,413,4.439046
s080,2,414,4.44642
s080,2,415,4.475138
s080,2,416,4.483576
s080,2,417,4.463429
s080,2,418,4.467012
s080,2,419,4.485598
s080,2,420,4.495502
s080,2,421,4.461302
s080,2,422,4.478873
s080,2,423,4.498656
s080,2,424,4.501722
s080,2,425,4.483589
s080,2,426,4.501087
s080,2,427,4.502034
s080,2,428,4.518913
s080,2,429,4.484577
s080,2,430,4.51722
s080,2,431,4.518786
s080,2,432,4.521169
s080,2,433,4.512025
s080,2,434,4.515392
s080,2,435,4.538707
s080,2,436,4.540006
s080,2,437,4.509827
s080,2,438,4.531701
s080,2,439,4.548421
s080,2,440,4.556282
s080,2,441,4.534037
s080,2,442,4.552833
s080,2,443,4.55872
s080,2,444,4.568674
s080,2,445,4.560175
s080,2,446,4.566653
s080,2,447,4.579558
s080,2,448,4.587362
s080,2,449,4.574745
s080,2,450,4.5894
s080,2,451,4.609013
s080,2,452,4.60854
s080,2,453,4.562897
s080,2,454,4.576475
s080,2,455,4.599079
s080,2,456,4.612211
s080,2,457,4.59643
s080,2,458,4.604698
s080,2,459,4.61804
s080,2,460,4.65451
s080,2,461,4.605038
s080,2,462,4.623217
s080,2,463,4.642577
s080,2,464,4.657935
s080,2,465,4.64018
s080,2,466,4.631493
s080,2,467,4.64475
s080,2,468,4.650117
s080,2,469,4.619402
s080,2,470,4.638983
s080,2,471,4.669211
s080,2,472,4.673619
s080,2,473,4.652074
s080,2,474,4.662685
s080,2,475,4.666567
s080,2,476,4.6783
s080,2,477,4.658395
s080,2,478,4.686237
s080,2,479,4.681627
s080,2,480,4.685493
s080,2,481,4.66866
s080,2,482,4.685832
s080,2,483,4.7065
s080,2,484,4.71115
s080,2,485,4.67566
s080,2,486,4.705419
s080,2,487,4.705989
s080,2,488,4.715778
s080,2,489,4.700066
s080,2,490,4.709968
s093,0,1,5.513893
s093,0,2,5.48354
s093,0,3,5.503365
s093,0,4,5.518709
s093,0,5,5.534598
s093,0,6,5.507106
s093,0,7,5.529574
s093,0,8,5.536662
s093,0,9,5.543873
s093,0,10,5.513922
s093,0,11,5.541097
s093,0,12,5.544946
s093,0,13,5.563669
s093,0,14,5.539528
s093,0,15,5.551158
s093,0,16,5.565008
s093,0,17,5.581671
s093,0,18,5.541112
s093,0,19,5.567739
s093,0,20,5.564898
s093,0,21,5.585908
s093,0,22,5.574354
s093,0,23,5.575015
s093,0,24,5.589058
s093,0,25,5.609643
s093,0,26,5.571709
s093,0,27,5.590144
s093,0,28,5.603641
s093,0,29,5.618224
s093,0,30,5.5991
s093,0,31,5.602541
s093,0,32,5.62816
s093,0,33,5.631291
s093,0,34,5.606794
s093,0,35,5.620648
s093,0,36,5.656297
s093,0,37,5.65921
s093,0,38,5.645197
s093,0,39,5.637231
s093,0,40,5.653098
s093,0,41,5.670935
s093,0,42,5.628232
s093,0,43,5.647933
s093,0,44,5.66346
s093,0,45,5.691838
s093,0,46,5.652729
s093,0,47,5.668158
s093,0,48,5.675767
s093,0,49,5.69557
s093,0,50,5.658641
s093,0,51,5.686709
s093,0,52,5.708546
s093,0,53,5.701491
s093,0,54,5.676895
s093,0,55,5.684454
s093,0,56,5.715393
s093,0,57,5.721851
s093,0,58,5.689859
s093,0,59,5.699746
s093,0,60,5.715035
s093,0,61,5.732493
s093,0,62,5.71632
s093,0,63,5.713316
s093,0,64,5.73407
s093,0,65,5.742111
s093,0,66,5.726628
s093,0,67,5.732828
s093,0,68,5.743604
s093,0,69,5.756879
s093,0,70,5.733007
s093,0,71,5.749108
s093,0,72,5.757109
s093,0,73,5.783797
s093,0,74,5.731766
s093,0,75,5.758098
s093,0,76,5.771567
s093,0,77,5.776689
s093,0,78,5.782165
s093,0,79,5.771443
s093,0,80,5.792371
s093,0,81,5.802976
s093,0,82,5.772876
s093,0,83,5.789311
s093,0,84,5.805068
s093,0,85,5.807893
s093,0,86,5.795275
s093,0,87,5.812237
s093,0,88,5.816221
s093,0,89,5.837326
s093,0,90,5.793796
s093,0,91,5.808826
s093,0,92,5.828546
s093,0,93,5.839075
s093,0,94,5.805624
s093,0,95,5.827842
s093,0,96,5.838803
s093,0,97,5.854621
s093,0,98,5.828828
s093,0,99,5.840573
s093,0,100,5.844292
s093,0,101,5.86791
s093,0,102,5.84641
s093,0,103,5.864061
s093,0,104,5.878256
s093,0,105,5.883229
s093,0,106,5.841764
s093,0,107,5.864449
s093,0,108,5.890916
s093,0,109,5.887307
s093,0,110,5.867107
s093,0,111,5.870974
s093,0,112,5.893785
s093,0,113,5.924341
s093,0,114,5.880372
s093,0,115,5.896577
s093,0,116,5.912705
s093,0,117,5.925393
s093,0,118,5.907205
s093,0,119,5.911645
s093,0,120,5.930129
s093,0,121,5.958968
s093,0,122,5.903382
s093,0,123,5.924537
s093,0,124,5.955637
s093,0,125,5.948463
s093,0,126,5.952773
s093,0,127,5.931302
s093,0,128,5.947148
s093,0,129,5.980474
s093,0,130,5.93057
s093,0,131,5.955799
s093,0,132,5.961205
s093,0,133,5.989333
s093,0,134,5.96152
s093,0,135,5.986549
s093,0,136,5.979431
s093,0,137,6.00451
s093,0,138,5.958416
s093,0,139,5.978832
s093,0,140,5.99992
s093,0,141,5.9911
s093,0,142,5.990718
s093,0,143,5.998214
s093,0,144,5.998141
s093,0,145,6.009556
s093,0,146,5.97365
s093,0,147,6.005965
s093,0,148,6.022185
s093,0,149,6.031617
s093,0,150,6.016153
s093,0,151,6.025036
s093,0,152,6.039408
s093,0,153,6.055409
s093,0,154,6.023617
s093,0,155,6.040932
s093,0,156,6.048842
s093,0,157,6.063415
s093,0,158,6.051381
s093,0,159,6.054987
s093,0,160,6.068009
s093,0,161,6.078508
s093,0,162,6.051082
s093,0,163,6.088287
s093,0,164,6.080796
s093,0,165,6.088979
s093,0,166,6.074563
s093,0,167,6.087683
s093,0,168,6.094342
s093,0,169,6.108938
s093,0,170,6.078647
s093,0,171,6.095289
s093,0,172,6.1106
s093,0,173,6.124586
s093,0,174,6.093376
s093,0,175,6.108087
s093,0,176,6.120989
s093,0,177,6.125063
s093,0,178,6.107276
s093,0,179,6.137481
s093,0,180,6.141332
s093,0,181,6.149005
s093,0,182,6.133378
s093,0,183,6.140398
s093,0,184,6.157691
s093,0,185,6.170424
s093,0,186,6.135362
s093,0,187,6.14996
s093,0,188,6.159114
s093,0,189,6.164213
s093,0,190,6.146568
s093,0,191,6.156003
s093,0,192,6.172222
s093,0,193,6.172894
s093,0,194,6.148801
s093,0,195,6.178283
s093,0,196,6.202927
s093,0,197,6.194972
s093,0,198,6.18783
s093,0,199,6.193034
s093,0,200,6.202667
s093,0,201,6.227628
s093,0,202,6.196883
s093,0,203,6.206596
s093,0,204,6.223125
s093,0,205,6.232513
s093,0,206,6.195531
s093,0,207,6.222935
s093,0,208,6.217504
s093,0,209,6.237308
s093,0,210,6.210678
s093,0,211,6.230475
s093,0,212,6.249737
s093,0,213,6.261482
s093,0,214,6.245057
s093,0,215,6.248574
s093,0,216,6.265208
s093,0,217,6.292678
s093,0,218,6.244742
s093,0,219,6.261352
s093,0,220,6.268127
s093,0,221,6.285302
s093,0,222,6.273712
s093,0,223,6.269422
s093,0,224,6.271203
s093,0,225,6.296929
s093,0,226,6.271095
s093,0,227,6.281495
s093,0,228,6.299909
s093,0,229,6.314067
s093,0,230,6.291652
s093,0,231,6.302641
s093,0,232,6.323005
s093,0,233,6.331865
s093,0,234,6.297469
s093,0,235,6.31774
s093,0,236,6.325261
s093,0,237,6.342221
s093,0,238,6.307079
s093,0,239,6.332627
s093,0,240,6.359349
s093,0,241,6.353067
s093,0,242,6.338817
s093,0,243,6.338527
s093,0,244,6.362015
s093,0,245,6.382275
s093,0,246,6.356529
s093,0,247,6.355598
s093,0,248,6.372455
s093,0,249,6.382793
s093,0,250,6.358072
s093,0,251,6.369004
s093,0,252,6.386423
s093,0,253,6.392454
s093,0,254,6.37282
s093,0,255,6.386142
s093,0,256,6.399898
s093,0,257,6.397495
s093,0,258,6.374721
s093,0,259,6.388569
s093,0,260,6.416354
s093,0,261,6.428764
s093,0,262,6.408726
s093,0,263,6.419975
s093,0,264,6.433018
s093,0,265,6.445683
s093,0,266,6.415139
s093,0,267,6.428808
s093,0,268,6.461118
s093,0,269,6.456228
s093,0,270,6.440252
s093,0,271,6.444675
s093,0,272,6.448319
s093,0,273,6.460944
s093,0,274,6.440694
s093,0,275,6.463062
s093,0,276,6.476878
s093,0,277,6.478685
s093,0,278,6.472347
s093,0,279,6.482528
s093,0,280,6.497736
s093,0,281,6.502044
s093,0,282,6.471319
s093,0,283,6.517518
s093,0,284,6.564975
s093,0,285,6.579524
s093,0,286,6.568595
s093,0,287,6.57784
s093,0,288,6.591847
s093,0,289,6.590683
s093,0,290,6.557175
s093,0,291,6.573919
s093,0,292,6.604287
s093,0,293,6.614941
s093,0,294,6.595927
s093,0,295,6.615833
s093,0,296,6.636748
s093,0,297,6.652864
s093,0,298,6.602379
s093,0,299,6.636545
s093,0,300,6.630775
s093,0,301,6.653366
s093,0,302,6.635902
s093,0,303,6.644587
s093,0,304,6.655802
s093,0,305,6.664367
s093,0,306,6.634785
s093,0,307,6.646172
s093,0,308,6.663215
s093,0,309,6.679783
s093,0,310,6.66282
s093,0,311,6.671311
s093,0,312,6.684278
s093,0,313,6.700491
s093,0,314,6.662124
s093,0,315,6.661977
s093,0,316,6.680051
s093,0,317,6.699003
s093,0,318,6.674048
s093,0,319,6.694346
s093,0,320,6.707817
s093,0,321,6.714507
s093,0,322,6.682938
s093,0,323,6.703461
s093,0,324,6.716553
s093,0,325,6.732187
s093,0,326,6.716531
s093,0,327,6.724513
s093,0,328,6.734371
s093,0,329,6.740554
s093,0,330,6.701675
s093,0,331,6.73893
s093,0,332,6.734085
s093,0,333,6.74555
s093,0,334,6.731759
s093,0,335,6.736905
s093,0,336,6.7539
s093,0,337,6.770615
s093,0,338,6.731428
s093,0,339,6.752724
s093,0,340,6.763999
s093,0,341,6.777248
s093,0,342,6.757109
s093,0,343,6.765727
s093,0,344,6.779415
s093,0,345,6.787891
s093,0,346,6.75838
s093,0,347,6.768451
s093,0,348,6.783242
s093,0,349,6.800162
s093,0,350,6.770377
s093,0,351,6.785988
s093,0,352,6.7933
s093,0,353,6.804872
s093,0,354,6.792177
s093,0,355,6.795334
s093,0,356,6.810298
s093,0,357,6.813095
s093,0,358,6.794471
s093,0,359,6.810569
s093,0,360,6.824373
s093,0,361,6.829227
s093,0,362,6.794193
s093,0,363,6.819159
s093,0,364,6.818325
s093,0,365,6.822737
s093,0,366,6.82538
s093,0,367,6.829076
s093,0,368,6.846386
s093,0,369,6.852428
s093,0,370,6.824191
s093,0,371,6.842051
s093,0,372,6.858835
s093,0,373,6.864041
s093,0,374,6.858636
s093,0,375,6.855491
s093,0,376,6.856988
s093,0,377,6.876456
s093,0,378,6.837713
s093,0,379,6.849487
s093,0,380,6.8866
s093,0,381,6.879345
s093,0,382,6.864333
s093,0,383,6.875641
s093,0,384,6.884292
s093,0,385,6.891523
s093,0,386,6.870449
s093,0,387,6.889018
s093,0,388,6.893018
s093,0,389,6.900075
s093,0,390,6.88973
s093,1,1,5.519295
s093,1,2,5.487332
s093,1,3,5.512315
s093,1,4,5.524454
s093,1,5,5.539289
s093,1,6,5.532809
s093,1,7,5.526876
s093,1,8,5.534187
s093,1,9,5.557316
s093,1,10,5.537155
s093,1,11,5.531968
s093,1,12,5.551161
s093,1,13,5.555648
s093,1,14,5.550373
s093,1,15,5.5533
s093,1,16,5.558064
s093,1,17,5.571684
s093,1,18,5.54856
s093,1,19,5.566993
s093,1,20,5.586124
s093,1,21,5.590045
s093,1,22,5.566426
s093,1,23,5.594699
s093,1,24,5.597445
s093,1,25,5.607055
s093,1,26,5.572919
s093,1,27,5.593057
s093,1,28,5.608312
s093,1,29,5.618426
s093,1,30,5.601867
s093,1,31,5.610317
s093,1,32,5.612714
s093,1,33,5.628703
s093,1,34,5.601306
s093,1,35,5.620617
s093,1,36,5.640514
s093,1,37,5.642268
s093,1,38,5.629728
s093,1,39,5.638887
s093,1,40,5.64876
s093,1,41,5.677889
s093,1,42,5.641435
s093,1,43,5.651118
s093,1,44,5.663307
s093,1,45,5.672135
s093,1,46,5.657303
s093,1,47,5.667414
s093,1,48,5.672997
s093,1,49,5.691384
s093,1,50,5.679471
s093,1,51,5.679063
s093,1,52,5.704269
s093,1,53,5.705131
s093,1,54,5.691796
s093,1,55,5.692508
s093,1,56,5.713232
s093,1,57,5.730482
s093,1,58,5.695914
s093,1,59,5.712704
s093,1,60,5.725573
s093,1,61,5.731542
s093,1,62,5.706001
s093,1,63,5.726623
s093,1,64,5.728482
s093,1,65,5.740683
s093,1,66,5.718167
s093,1,67,5.730508
s093,1,68,5.738371
s093,1,69,5.765942
s093,1,70,5.733872
s093,1,71,5.744526
s093,1,72,5.755455
s093,1,73,5.774717
s093,1,74,5.73071
s093,1,75,5.762931
s093,1,76,5.778593
s093,1,77,5.779797
s093,1,78,5.764812
s093,1,79,5.774914
s093,1,80,5.785509
s093,1,81,5.793309
s093,1,82,5.766047
s093,1,83,5.807324
s093,1,84,5.801216
s093,1,85,5.801013
s093,1,86,5.805557
s093,1,87,5.806716
s093,1,88,5.800716
s093,1,89,5.820053
s093,1,90,5.788222
s093,1,91,5.797726
s093,1,92,5.813062
s093,1,93,5.838233
s093,1,94,5.816576
s093,1,95,5.830948
s093,1,96,5.839335
s093,1,97,5.851192
s093,1,98,5.82641
s093,1,99,5.84696
s093,1,100,5.873223
s093,1,101,5.880226
s093,1,102,5.848704
s093,1,103,5.854992
s093,1,104,5.869114
s093,1,105,5.876867
s093,1,106,5.852516
s093,1,107,5.863799
s093,1,108,5.873728
s093,1,109,5.893947
s093,1,110,5.886432
s093,1,111,5.8797
s093,1,112,5.895277
s093,1,113,5.90655
s093,1,114,5.874283
s093,1,115,5.893945
s093,1,116,5.905011
s093,1,117,5.924328
s093,1,118,5.904739
s093,1,119,5.918821
s093,1,120,5.926637
s093,1,121,5.942591
s093,1,122,5.909019
s093,1,123,5.925961
s093,1,124,5.92672
s093,1,125,5.94939
s093,1,126,5.931958
s093,1,127,5.935657
s093,1,128,5.94457
s093,1,129,5.964077
s093,1,130,5.929939
s093,1,131,5.953391
s093,1,132,5.956194
s093,1,133,5.989705
s093,1,134,5.958692
s093,1,135,5.968476
s093,1,136,5.972476
s093,1,137,5.993614
s093,1,138,5.949854
s093,1,139,5.972983
s093,1,140,5.988692
s093,1,141,6.004474
s093,1,142,5.988628
s093,1,143,5.993915
s093,1,144,6.009311
s093,1,145,6.022752
s093,1,146,5.991612
s093,1,147,6.010454
s093,1,148,6.026305
s093,1,149,6.033542
s093,1,150,6.025828
s093,1,151,6.022661
s093,1,152,6.040723
s093,1,153,6.049087
s093,1,154,6.012306
s093,1,155,6.050313
s093,1,156,6.038905
s093,1,157,6.058606
s093,1,158,6.055656
s093,1,159,6.05984
s093,1,160,6.068378
s093,1,161,6.070527
s093,1,162,6.046842
s093,1,163,6.083155
s093,1,164,6.089513
s093,1,165,6.092867
s093,1,166,6.073603
s093,1,167,6.086449
s093,1,168,6.092111
s093,1,169,6.113992
s093,1,170,6.082526
s093,1,171,6.113145
s093,1,172,6.106424
s093,1,173,6.121085
s093,1,174,6.097023
s093,1,175,6.107944
s093,1,176,6.125023
s093,1,177,6.138842
s093,1,178,6.10874
s093,1,179,6.126401
s093,1,180,6.135931
s093,1,181,6.155938
s093,1,182,6.128773
s093,1,183,6.140144
s093,1,184,6.157444
s093,1,185,6.167685
s093,1,186,6.138561
s093,1,187,6.143912
s093,1,188,6.161713
s093,1,189,6.190655
s093,1,190,6.145523
s093,1,191,6.158256
s093,1,192,6.175917
s093,1,193,6.19061
s093,1,194,6.169552
s093,1,195,6.187828
s093,1,196,6.191768
s093,1,197,6.203036
s093,1,198,6.202555
s093,1,199,6.197478
s093,1,200,6.204801
s093,1,201,6.217118
s093,1,202,6.205642
s093,1,203,6.204986
s093,1,204,6.215507
s093,1,205,6.23132
s093,1,206,6.222264
s093,1,207,6.219446
s093,1,208,6.229311
s093,1,209,6.246015
s093,1,210,6.215263
s093,1,211,6.243914
s093,1,212,6.2444
s093,1,213,6.257493
s093,1,214,6.259211
s093,1,215,6.246293
s093,1,216,6.259271
s093,1,217,6.277898
s093,1,218,6.244367
s093,1,219,6.254587
s093,1,220,6.269069
s093,1,221,6.278777
s093,1,222,6.273649
s093,1,223,6.273857
s093,1,224,6.286606
s093,1,225,6.319147
s093,1,226,6.291979
s093,1,227,6.298488
s093,1,228,6.296683
s093,1,229,6.316395
s093,1,230,6.295099
s093,1,231,6.307672
s093,1,232,6.316708
s093,1,233,6.332565
s093,1,234,6.302114
s093,1,235,6.312744
s093,1,236,6.314084
s093,1,237,6.341197
s093,1,238,6.316158
s093,1,239,6.336492
s093,1,240,6.348795
s093,1,241,6.359037
s093,1,242,6.328644
s093,1,243,6.340712
s093,1,244,6.350536
s093,1,245,6.362958
s093,1,246,6.351127
s093,1,247,6.361839
s093,1,248,6.371162
s093,1,249,6.387698
s093,1,250,6.357347
s093,1,251,6.364293
s093,1,252,6.370822
s093,1,253,6.38464
s093,1,254,6.375462
s093,1,255,6.386757
s093,1,256,6.395005
s093,1,257,6.42331
s093,1,258,6.386458
s093,1,259,6.40741
s093,1,260,6.415945
s093,1,261,6.425981
s093,1,262,6.410205
s093,1,263,6.425106
s093,1,264,6.448806
s093,1,265,6.450662
s093,1,266,6.41502
s093,1,267,6.431338
s093,1,268,6.436656
s093,1,269,6.453115
s093,1,270,6.45323
s093,1,271,6.44692
s093,1,272,6.458921
s093,1,273,6.481257
s093,1,274,6.441222
s093,1,275,6.454862
s093,1,276,6.477605
s093,1,277,6.491825
s093,1,278,6.482485
s093,1,279,6.484017
s093,1,280,6.490144
s093,1,281,6.504847
s093,1,282,6.474283
s093,1,283,6.525626
s093,1,284,6.560583
s093,1,285,6.574445
s093,1,286,6.562937
s093,1,287,6.571835
s093,1,288,6.587262
s093,1,289,6.595987
s093,1,290,6.565014
s093,1,291,6.583786
s093,1,292,6.60827
s093,1,293,6.613402
s093,1,294,6.603375
s093,1,295,6.611527
s093,1,296,6.61793
s093,1,297,6.635841
s093,1,298,6.598786
s093,1,299,6.607058
s093,1,300,6.626564
s093,1,301,6.644826
s093,1,302,6.634237
s093,1,303,6.646377
s093,1,304,6.664992
s093,1,305,6.661565
s093,1,306,6.63804
s093,1,307,6.645486
s093,1,308,6.670322
s093,1,309,6.687334
s093,1,310,6.664122
s093,1,311,6.673741
s093,1,312,6.696892
s093,1,313,6.701671
s093,1,314,6.657893
s093,1,315,6.682288
s093,1,316,6.685787
s093,1,317,6.722495
s093,1,318,6.677407
s093,1,319,6.688663
s093,1,320,6.703909
s093,1,321,6.717125
s093,1,322,6.697691
s093,1,323,6.704561
s093,1,324,6.708089
s093,1,325,6.7225
s093,1,326,6.716315
s093,1,327,6.719718
s093,1,328,6.740782
s093,1,329,6.744701
s093,1,330,6.717197
s093,1,331,6.730813
s093,1,332,6.736186
s093,1,333,6.74423
s093,1,334,6.729811
s093,1,335,6.741902
s093,1,336,6.747022
s093,1,337,6.770916
s093,1,338,6.735142
s093,1,339,6.75971
s093,1,340,6.765449
s093,1,341,6.77681
s093,1,342,6.763963
s093,1,343,6.773675
s093,1,344,6.782521
s093,1,345,6.793026
s093,1,346,6.76278
s093,1,347,6.769816
s093,1,348,6.795757
s093,1,349,6.800993
s093,1,350,6.778346
s093,1,351,6.783714
s093,1,352,6.795568
s093,1,353,6.814711
s093,1,354,6.778865
s093,1,355,6.793812
s093,1,356,6.811838
s093,1,357,6.819872
s093,1,358,6.810979
s093,1,359,6.812209
s093,1,360,6.822263
s093,1,361,6.837001
s093,1,362,6.796462
s093,1,363,6.823097
s093,1,364,6.835179
s093,1,365,6.834208
s093,1,366,6.828309
s093,1,367,6.840104
s093,1,368,6.842236
s093,1,369,6.860219
s093,1,370,6.824949
s093,1,371,6.843242
s093,1,372,6.8535
s093,1,373,6.873425
s093,1,374,6.849916
s093,1,375,6.867215
s093,1,376,6.871348
s093,1,377,6.904266
s093,1,378,6.875144
s093,1,379,6.865517
s093,1,380,6.874928
s093,1,381,6.890902
s093,1,382,6.866863
s093,1,383,6.878672
s093,1,384,6.882419
s093,1,385,6.891834
s093,1,386,6.853313
s093,1,387,6.885969
s093,1,388,6.903775
s093,1,389,6.895708
s093,1,390,6.888225
s093,2,1,5.522649
s093,2,2,5.486029
s093,2,3,5.514778
s093,2,4,5.528217
s093,2,5,5.535889
s093,2,6,5.5218
s093,2,7,5.526627
s093,2,8,5.536162
s093,2,9,5.552681
s093,2,10,5.510724
s093,2,11,5.527896
s093,2,12,5.547923
s093,2,13,5.556943
s093,2,14,5.536116
s093,2,15,5.557162
s093,2,16,5.566083
s093,2,17,5.580151
s093,2,18,5.551926
s093,2,19,5.570118
s093,2,20,5.578772
s093,2,21,5.590439
s093,2,22,5.576629
s093,2,23,5.580102
s093,2,24,5.597313
s093,2,25,5.60801
s093,2,26,5.566943
s093,2,27,5.598303
s093,2,28,5.602882
s093,2,29,5.621094
s093,2,30,5.594859
s093,2,31,5.60382
s093,2,32,5.621305
s093,2,33,5.633859
s093,2,34,5.612457
s093,2,35,5.629095
s093,2,36,5.64055
s093,2,37,5.646741
s093,2,38,5.631198
s093,2,39,5.636415
s093,2,40,5.653956
s093,2,41,5.663956
s093,2,42,5.645227
s093,2,43,5.649463
s093,2,44,5.662684
s093,2,45,5.679373
s093,2,46,5.653366
s093,2,47,5.66556
s093,2,48,5.678004
s093,2,49,5.704034
s093,2,50,5.656707
s093,2,51,5.67817
s093,2,52,5.686842
s093,2,53,5.70309
s093,2,54,5.681792
s093,2,55,5.70104
s093,2,56,5.718596
s093,2,57,5.73046
s093,2,58,5.691259
s093,2,59,5.699413
s093,2,60,5.714272
s093,2,61,5.722717
s093,2,62,5.711497
s093,2,63,5.718134
s093,2,64,5.72928
s093,2,65,5.742771
s093,2,66,5.71098
s093,2,67,5.715753
s093,2,68,5.76081
s093,2,69,5.75823
s093,2,70,5.737504
s093,2,71,5.748252
s093,2,72,5.766722
s093,2,73,5.772766
s093,2,74,5.734437
s093,2,75,5.751984
s093,2,76,5.795255
s093,2,77,5.782338
s093,2,78,5.774216
s093,2,79,5.770491
s093,2,80,5.791359
s093,2,81,5.80563
s093,2,82,5.774401
s093,2,83,5.788305
s093,2,84,5.801487
s093,2,85,5.814099
s093,2,86,5.797224
s093,2,87,5.799331
s093,2,88,5.818322
s093,2,89,5.83017
s093,2,90,5.79537
s093,2,91,5.81455
s093,2,92,5.82168
s093,2,93,5.835686
s093,2,94,5.823197
s093,2,95,5.823648
s093,2,96,5.833538
s093,2,97,5.854347
s093,2,98,5.820544
s093,2,99,5.841682
s093,2,100,5.850812
s093,2,101,5.855952
s093,2,102,5.85816
s093,2,103,5.857876
s093,2,104,5.876036
s093,2,105,5.875718
s093,2,106,5.850709
s093,2,107,5.875544
s093,2,108,5.885112
s093,2,109,5.899829
s093,2,110,5.867574
s093,2,111,5.882422
s093,2,112,5.893878
s093,2,113,5.915973
s093,2,114,5.876532
s093,2,115,5.898766
s093,2,116,5.907836
s093,2,117,5.926477
s093,2,118,5.911256
s093,2,119,5.899474
s093,2,120,5.926787
s093,2,121,5.937778
s093,2,122,5.903826
s093,2,123,5.926334
s093,2,124,5.941054
s093,2,125,5.944454
s093,2,126,5.950747
s093,2,127,5.95166
s093,2,128,5.963951
s093,2,129,5.970775
s093,2,130,5.944242
s093,2,131,5.955141
s093,2,132,5.966972
s093,2,133,5.975506
s093,2,134,5.984871
s093,2,135,5.957955
s093,2,136,5.976854
s093,2,137,5.983759
s093,2,138,5.960011
s093,2,139,5.978087
s093,2,140,5.986493
s093,2,141,6.00627
s093,2,142,5.980739
s093,2,143,6.005272
s093,2,144,6.000223
s093,2,145,6.025099
s093,2,146,5.993522
s093,2,147,6.007199
s093,2,148,6.040855
s093,2,149,6.030731
s093,2,150,6.019439
s093,2,151,6.022593
s093,2,152,6.035625
s093,2,153,6.069293
s093,2,154,6.021459
s093,2,155,6.052284
s093,2,156,6.051363
s093,2,157,6.07119
s093,2,158,6.046551
s093,2,159,6.05664
s093,2,160,6.109639
s093,2,161,6.082001
s093,2,162,6.047137
s093,2,163,6.064251
s093,2,164,6.076938
s093,2,165,6.098287
s093,2,166,6.07206
s093,2,167,6.086232
s093,2,168,6.091581
s093,2,169,6.11549
s093,2,170,6.076884
s093,2,171,6.095133
s093,2,172,6.127857
s093,2,173,6.122157
s093,2,174,6.098784
s093,2,175,6.107443
s093,2,176,6.111428
s093,2,177,6.139778
s093,2,178,6.103162
s093,2,179,6.12635
s093,2,180,6.136551
s093,2,181,6.153148
s093,2,182,6.132373
s093,2,183,6.14655
s093,2,184,6.155765
s093,2,185,6.165188
s093,2,186,6.135302
s093,2,187,6.141165
s093,2,188,6.160843
s093,2,189,6.171591
s093,2,190,6.147285
s093,2,191,6.160735
s093,2,192,6.174154
s093,2,193,6.19434
s093,2,194,6.157738
s093,2,195,6.172409
s093,2,196,6.185529
s093,2,197,6.191184
s093,2,198,6.201281
s093,2,199,6.203249
s093,2,200,6.203701
s093,2,201,6.231743
s093,2,202,6.182545
s093,2,203,6.202765
s093,2,204,6.211612
s093,2,205,6.22596
s093,2,206,6.216785
s093,2,207,6.216253
s093,2,208,6.228494
s093,2,209,6.245505
s093,2,210,6.2184
s093,2,211,6.247994
s093,2,212,6.251008
s093,2,213,6.261719
s093,2,214,6.238184
s093,2,215,6.243783
s093,2,216,6.262659
s093,2,217,6.267476
s093,2,218,6.240638
s093,2,219,6.258427
s093,2,220,6.270913
s093,2,221,6.305296
s093,2,222,6.265615
s093,2,223,6.265929
s093,2,224,6.289775
s093,2,225,6.302122
s093,2,226,6.292897
s093,2,227,6.283559
s093,2,228,6.301699
s093,2,229,6.304972
s093,2,230,6.293982
s093,2,231,6.306212
s093,2,232,6.304484
s093,2,233,6.322789
s093,2,234,6.293356
s093,2,235,6.313512
s093,2,236,6.32811
s093,2,237,6.339864
s093,2,238,6.320031
s093,2,239,6.327695
s093,2,240,6.334785
s093,2,241,6.360939
s093,2,242,6.323122
s093,2,243,6.348237
s093,2,244,6.356075
s093,2,245,6.371234
s093,2,246,6.349588
s093,2,247,6.361801
s093,2,248,6.387993
s093,2,249,6.378291
s093,2,250,6.351483
s093,2,251,6.381255
s093,2,252,6.386558
s093,2,253,6.396692
s093,2,254,6.383529
s093,2,255,6.393846
s093,2,256,6.396012
s093,2,257,6.420639
s093,2,258,6.390103
s093,2,259,6.405992
s093,2,260,6.414676
s093,2,261,6.426139
s093,2,262,6.410037
s093,2,263,6.42411
s093,2,264,6.431088
s093,2,265,6.450745
s093,2,266,6.414
s093,2,267,6.433495
s093,2,268,6.441082
s093,2,269,6.460064
s093,2,270,6.438858
s093,2,271,6.455706
s093,2,272,6.456546
s093,2,273,6.476865
s093,2,274,6.449174
s093,2,275,6.466495
s093,2,276,6.468124
s093,2,277,6.490089
s093,2,278,6.47313
s093,2,279,6.485679
s093,2,280,6.508049
s093,2,281,6.502411
s093,2,282,6.478723
s093,2,283,6.530133
s093,2,284,6.576192
s093,2,285,6.58469
s093,2,286,6.557737
s093,2,287,6.582287
s093,2,288,6.583639
s093,2,289,6.600343
s093,2,290,6.579667
s093,2,291,6.583789
s093,2,292,6.602083
s093,2,293,6.610286
s093,2,294,6.605723
s093,2,295,6.605985
s093,2,296,6.626148
s093,2,297,6.633578
s093,2,298,6.603859
s093,2,299,6.626276
s093,2,300,6.651055
s093,2,301,6.64031
s093,2,302,6.637646
s093,2,303,6.648238
s093,2,304,6.654669
s093,2,305,6.675037
s093,2,306,6.635374
s093,2,307,6.648413
s093,2,308,6.661265
s093,2,309,6.679666
s093,2,310,6.66695
s093,2,311,6.68861
s093,2,312,6.684367
s093,2,313,6.711462
s093,2,314,6.656998
s093,2,315,6.672382
s093,2,316,6.691117
s093,2,317,6.696904
s093,2,318,6.677981
s093,2,319,6.687326
s093,2,320,6.704105
s093,2,321,6.724735
s093,2,322,6.680883
s093,2,323,6.704736
s093,2,324,6.71589
s093,2,325,6.72183
s093,2,326,6.709908
s093,2,327,6.729111
s093,2,328,6.741714
s093,2,329,6.742774
s093,2,330,6.71455
s093,2,331,6.72722
s093,2,332,6.740228
s093,2,333,6.743436
s093,2,334,6.726976
s093,2,335,6.741369
s093,2,336,6.745922
s093,2,337,6.763823
s093,2,338,6.731479
s093,2,339,6.762523
s093,2,340,6.770861
s093,2,341,6.775775
s093,2,342,6.751829
s093,2,343,6.785465
s093,2,344,6.779078
s093,2,345,6.797402
s093,2,346,6.761395
s093,2,347,6.776798
s093,2,348,6.779996
s093,2,349,6.795105
s093,2,350,6.795656
s093,2,351,6.790002
s093,2,352,6.800496
s093,2,353,6.797708
s093,2,354,6.777829
s093,2,355,6.786282
s093,2,356,6.79388
s093,2,357,6.823128
s093,2,358,6.798792
s093,2,359,6.802135
s093,2,360,6.821508
s093,2,361,6.83261
s093,2,362,6.802374
s093,2,363,6.822868
s093,2,364,6.823912
s093,2,365,6.830297
s093,2,366,6.817615
s093,2,367,6.849622
s093,2,368,6.835789
s093,2,369,6.847451
s093,2,370,6.826773
s093,2,371,6.844823
s093,2,372,6.869157
s093,2,373,6.864352
s093,2,374,6.843391
s093,2,375,6.850671
s093,2,376,6.868571
s093,2,377,6.900984
s093,2,378,6.844926
s093,2,379,6.859668
s093,2,380,6.872357
s093,2,381,6.895341
s093,2,382,6.864435
s093,2,383,6.875054
s093,2,384,6.882313
s093,2,385,6.890745
s093,2,386,6.865051
s093,2,387,6.883813
s093,2,388,6.896161
s093,2,389,6.904407
s093,2,390,6.887749
s099,0,1,3.160576
s099,0,2,3.154349
s099,0,3,3.15375
s099,0,4,3.166913
s099,0,5,3.183314
s099,0,6,3.143949
s099,0,7,3.163451
s099,0,8,3.174107
s099,0,9,3.192407
s099,0,10,3.168886
s099,0,11,3.174268
s099,0,12,3.189983
s099,0,13,3.20035
s099,0,14,3.168422
s099,0,15,3.192929
s099,0,16,3.211063
s099,0,17,3.224744
s099,0,18,3.212813
s099,0,19,3.204359
s099,0,20,3.217592
s099,0,21,3.231467
s099,0,22,3.19125
s099,0,23,3.233351
s099,0,24,3.217566
s099,0,25,3.227841
s099,0,26,3.217025
s099,0,27,3.222363
s099,0,28,3.23079
s099,0,29,3.24275
s099,0,30,3.215877
s099,0,31,3.233065
s099,0,32,3.250364
s099,0,33,3.269128
s099,0,34,3.246207
s099,0,35,3.262783
s099,0,36,3.271706
s099,0,37,3.283009
s099,0,38,3.241643
s099,0,39,3.282196
s099,0,40,3.272691
s099,0,41,3.272686
s099,0,42,3.252346
s099,0,43,3.270844
s099,0,44,3.281584
s099,0,45,3.296226
s099,0,46,3.270121
s099,0,47,3.282153
s099,0,48,3.291019
s099,0,49,3.307553
s099,0,50,3.295102
s099,0,51,3.299009
s099,0,52,3.31342
s099,0,53,3.336825
s099,0,54,3.296675
s099,0,55,3.303303
s099,0,56,3.308888
s099,0,57,3.334109
s099,0,58,3.307193
s099,0,59,3.317495
s099,0,60,3.326617
s099,0,61,3.34651
s099,0,62,3.30444
s099,0,63,3.329203
s099,0,64,3.342711
s099,0,65,3.346859
s099,0,66,3.330792
s099,0,67,3.342252
s099,0,68,3.348029
s099,0,69,3.364122
s099,0,70,3.333423
s099,0,71,3.350815
s099,0,72,3.357375
s099,0,73,3.370584
s099,0,74,3.346937
s099,0,75,3.352351
s099,0,76,3.376887
s099,0,77,3.380929
s099,0,78,3.352714
s099,0,79,3.379176
s099,0,80,3.385189
s099,0,81,3.392569
s099,0,82,3.392313
s099,0,83,3.392057
s099,0,84,3.400047
s099,0,85,3.431771
s099,0,86,3.381451
s099,0,87,3.395547
s099,0,88,3.41557
s099,0,89,3.422754
s099,0,90,3.405398
s099,0,91,3.412689
s099,0,92,3.419581
s099,0,93,3.452702
s099,0,94,3.403583
s099,0,95,3.415177
s099,0,96,3.442478
s099,0,97,3.460722
s099,0,98,3.42249
s099,0,99,3.445944
s099,0,100,3.466993
s099,0,101,3.488504
s099,0,102,3.442481
s099,0,103,3.447542
s099,0,104,3.46684
s099,0,105,3.474197
s099,0,106,3.462763
s099,0,107,3.464204
s099,0,108,3.475567
s099,0,109,3.500183
s099,0,110,3.461583
s099,1,1,3.167822
s099,1,2,3.148658
s099,1,3,3.157969
s099,1,4,3.16892
s099,1,5,3.18559
s099,1,6,3.165194
s099,1,7,3.164343
s099,1,8,3.168527
s099,1,9,3.189385
s099,1,10,3.172591
s099,1,11,3.184787
s099,1,12,3.18889
s099,1,13,3.199053
s099,1,14,3.176992
s099,1,15,3.190007
s099,1,16,3.206341
s099,1,17,3.206896
s099,1,18,3.197881
s099,1,19,3.202473
s099,1,20,3.223227
s099,1,21,3.228034
s099,1,22,3.195487
s099,1,23,3.216068
s099,1,24,3.223248
s099,1,25,3.23404
s099,1,26,3.233785
s099,1,27,3.234804
s099,1,28,3.232797
s099,1,29,3.245226
s099,1,30,3.216589
s099,1,31,3.230601
s099,1,32,3.250743
s099,1,33,3.258368
s099,1,34,3.242095
s099,1,35,3.252772
s099,1,36,3.26397
s099,1,37,3.281065
s099,1,38,3.243874
s099,1,39,3.256841
s099,1,40,3.274845
s099,1,41,3.287571
s099,1,42,3.261398
s099,1,43,3.274143
s099,1,44,3.303259
s099,1,45,3.296921
s099,1,46,3.26674
s099,1,47,3.290921
s099,1,48,3.293707
s099,1,49,3.314439
s099,1,50,3.295593
s099,1,51,3.298872
s099,1,52,3.313998
s099,1,53,3.325359
s099,1,54,3.288404
s099,1,55,3.300549
s099,1,56,3.319174
s099,1,57,3.322657
s099,1,58,3.309998
s099,1,59,3.313267
s099,1,60,3.322539
s099,1,61,3.340538
s099,1,62,3.308267
s099,1,63,3.325372
s099,1,64,3.338435
s099,1,65,3.342669
s099,1,66,3.33882
s099,1,67,3.342724
s099,1,68,3.351561
s099,1,69,3.36804
s099,1,70,3.333494
s099,1,71,3.351008
s099,1,72,3.353971
s099,1,73,3.378469
s099,1,74,3.358335
s099,1,75,3.368496
s099,1,76,3.365772
s099,1,77,3.377931
s099,1,78,3.352922
s099,1,79,3.358299
s099,1,80,3.37708
s099,1,81,3.394465
s099,1,82,3.385483
s099,1,83,3.391675
s099,1,84,3.399695
s099,1,85,3.413114
s099,1,86,3.378772
s099,1,87,3.396785
s099,1,88,3.417846
s099,1,89,3.425922
s099,1,90,3.409689
s099,1,91,3.414652
s099,1,92,3.429864
s099,1,93,3.440698
s099,1,94,3.404974
s099,1,95,3.431021
s099,1,96,3.444676
s099,1,97,3.451884
s099,1,98,3.432965
s099,1,99,3.442878
s099,1,100,3.466084
s099,1,101,3.473806
s099,1,102,3.43319
s099,1,103,3.463677
s099,1,104,3.460937
s099,1,105,3.474667
s099,1,106,3.454559
s099,1,107,3.462945
s099,1,108,3.461904
s099,1,109,3.476285
s099,1,110,3.467615
s099,2,1,3.163087
s099,2,2,3.146919
s099,2,3,3.157854
s099,2,4,3.16951
s099,2,5,3.174619
s099,2,6,3.141919
s099,2,7,3.177692
s099,2,8,3.173193
s099,2,9,3.180562
s099,2,10,3.16773
s099,2,11,3.181956
s099,2,12,3.190006
s099,2,13,3.204345
s099,2,14,3.171297
s099,2,15,3.187744
s099,2,16,3.212283
s099,2,17,3.227739
s099,2,18,3.19764
s099,2,19,3.205894
s099,2,20,3.218612
s099,2,21,3.234941
s099,2,22,3.19249
s099,2,23,3.220491
s099,2,24,3.227828
s099,2,25,3.237283
s099,2,26,3.217121
s099,2,27,3.227581
s099,2,28,3.239577
s099,2,29,3.254657
s099,2,30,3.22046
s099,2,31,3.234464
s099,2,32,3.25119
s099,2,33,3.258479
s099,2,34,3.24552
s099,2,35,3.248244
s099,2,36,3.263115
s099,2,37,3.275934
s099,2,38,3.234148
s099,2,39,3.258806
s099,2,40,3.270068
s099,2,41,3.280929
s099,2,42,3.271488
s099,2,43,3.269287
s099,2,44,3.281065
s099,2,45,3.296185
s099,2,46,3.269647
s099,2,47,3.285706
s099,2,48,3.306367
s099,2,49,3.297897
s099,2,50,3.280235
s099,2,51,3.294433
s099,2,52,3.305191
s099,2,53,3.309458
s099,2,54,3.274866
s099,2,55,3.307912
s099,2,56,3.315881
s099,2,57,3.327618
s099,2,58,3.319957
s099,2,59,3.312467
s099,2,60,3.327251
s099,2,61,3.346567
s099,2,62,3.30921
s099,2,63,3.322796
s099,2,64,3.337294
s099,2,65,3.356059
s099,2,66,3.34395
s099,2,67,3.348051
s099,2,68,3.346264
s099,2,69,3.361272
s099,2,70,3.333548
s099,2,71,3.35105
s099,2,72,3.354596
s099,2,73,3.365187
s099,2,74,3.354407
s099,2,75,3.367419
s099,2,76,3.364783
s099,2,77,3.381503
s099,2,78,3.351096
s099,2,79,3.364168
s099,2,80,3.398093
s099,2,81,3.399242
s099,2,82,3.375687
s099,2,83,3.380415
s099,2,84,3.404722
s099,2,85,3.431115
s099,2,86,3.39897
s099,2,87,3.399389
s099,2,88,3.414247
s099,2,89,3.42678
s099,2,90,3.408714
s099,2,91,3.410044
s099,2,92,3.429881
s099,2,93,3.452856
s099,2,94,3.431193
s099,2,95,3.422062
s099,2,96,3.436036
s099,2,97,3.446748
s099,2,98,3.429074
s099,2,99,3.455597
s099,2,100,3.453925
s099,2,101,3.46439
s099,2,102,3.450496
s099,2,103,3.441997
s099,2,104,3.463105
s099,2,105,3.469518
s099,2,106,3.447578
s099,2,107,3.46443
s099,2,108,3.484294
s099,2,109,3.494611
s099,2,110,3.460549
